Trade_ID,Trade_Date,Symbol,Sector,Strategy,Market_Condition,Entry_Price,Exit_Price,Quantity,Profit,Emotion,Mistake,Stop_Loss,Target,Risk_Amount,Reward_Amount,Risk_Reward_Ratio,Confidence_Level,Trade_Followed_Plan,Win_Loss,Return_Percentage,Entry_Time,Trade_Duration_Minutes,Exit_Time
1,2025-08-26,HDFCBANK,Banking,RSI,Bearish,2089,2180.9,73,6708.7,Fear,Early Exit,2029.7,2202.73,59.3,113.73,1.92,Medium,Yes,Win,4.4,11:22,155,13:57
2,2025-09-16,TCS,IT,RSI,Volatile,1972,1903.37,48,-3294.24,Greed,Overtrading,1937.15,2035.56,34.85,63.56,1.82,High,Yes,Loss,-3.48,11:27,147,13:54
3,2026-04-30,INFY,IT,RSI,Bearish,3413,3405.06,17,-134.98,Greed,No Mistake,3375.94,3481.54,37.06,68.54,1.85,Medium,Yes,Loss,-0.23,09:32,58,10:30
4,2026-04-08,RELIANCE,Energy,BREAKOUT,Bearish,2991,2887.87,65,-6703.45,Confidence,No Mistake,2952.97,3093.07,38.03,102.07,2.68,Low,Yes,Loss,-3.45,10:34,209,14:03
5,2026-06-07,ICICIBANK,Banking,RSI,Bullish,1962,1903.39,60,-3516.6,Greed,No Mistake,1904.92,2069.8,57.08,107.8,1.89,High,Yes,Loss,-2.99,13:29,21,13:50
6,2026-05-01,INFY,IT,MACD,Volatile,2800,2753.84,48,-2215.68,Fear,Early Exit,2757.8,2886.58,42.2,86.58,2.05,Medium,Yes,Loss,-1.65,09:59,139,12:18
7,2025-07-18,TCS,IT,MACD,Volatile,2601,2579.55,40,-858.0,Confidence,No Mistake,2569.57,2682.61,31.43,81.61,2.6,Medium,Yes,Loss,-0.82,14:19,53,15:12
8,2026-03-14,RELIANCE,Energy,RSI,Bearish,1736,1735.87,69,-8.97,Fear,No Mistake,1697.22,1817.56,38.78,81.56,2.1,Medium,Yes,Loss,-0.01,11:28,99,13:07
9,2025-11-20,INFY,IT,BREAKOUT,Bullish,4781,4914.55,34,4540.7,Confidence,Late Entry,4653.92,4916.3,127.08,135.3,1.06,High,Yes,Win,2.79,14:28,219,18:07
10,2026-02-25,RELIANCE,Energy,BREAKOUT,Bearish,3721,3555.99,79,-13035.79,Greed,Overtrading,3644.0,3846.98,77.0,125.98,1.64,Medium,Yes,Loss,-4.43,14:31,107,16:18
11,2025-08-22,RELIANCE,Energy,BREAKOUT,Volatile,2314,2230.39,61,-5100.21,Fear,Early Exit,2265.09,2385.92,48.91,71.92,1.47,Medium,Yes,Loss,-3.61,11:17,25,11:42
12,2026-06-07,HDFCBANK,Banking,BREAKOUT,Bearish,2553,2468.69,42,-3541.02,Confidence,No Mistake,2517.39,2647.94,35.61,94.94,2.67,Medium,No,Loss,-3.3,11:54,205,15:19
13,2025-10-28,TCS,IT,MACD,Bearish,3073,3225.27,43,6547.61,Confidence,No Mistake,3010.16,3167.06,62.84,94.06,1.5,Low,Yes,Win,4.96,13:50,162,16:32
14,2026-04-02,TCS,IT,RSI,Volatile,3183,3120.69,66,-4112.46,Confidence,No Mistake,3091.67,3338.22,91.33,155.22,1.7,Medium,No,Loss,-1.96,14:47,95,16:22
15,2026-03-03,RELIANCE,Energy,RSI,Volatile,1980,1908.8,15,-1068.0,Greed,Overtrading,1939.88,2083.24,40.12,103.24,2.57,Medium,Yes,Loss,-3.6,11:26,178,14:24
16,2025-07-10,INFY,IT,RSI,Volatile,1680,1731.56,20,1031.2,Confidence,No Mistake,1636.99,1715.87,43.01,35.87,0.83,High,Yes,Win,3.07,13:28,19,13:47
17,2026-05-16,ICICIBANK,Banking,RSI,Bearish,1676,1602.76,61,-4467.64,Confidence,No Mistake,1657.49,1713.38,18.51,37.38,2.02,High,Yes,Loss,-4.37,10:21,70,11:31
18,2026-01-08,ICICIBANK,Banking,MACD,Bullish,4734,4513.53,92,-20283.24,Fear,Early Exit,4630.71,4954.82,103.29,220.82,2.14,High,No,Loss,-4.66,13:56,222,17:38
19,2025-10-12,RELIANCE,Energy,RSI,Bearish,3582,3551.94,68,-2044.08,Fear,No Mistake,3540.81,3715.4,41.19,133.4,3.24,Medium,Yes,Loss,-0.84,11:02,165,13:47
20,2025-09-21,INFY,IT,BREAKOUT,Volatile,2416,2417.9,28,53.2,Fear,Early Exit,2378.37,2502.55,37.63,86.55,2.3,Medium,Yes,Win,0.08,12:03,16,12:19
21,2025-10-10,TCS,IT,MACD,sideways,4904,5029.41,61,7650.01,Fear,Early Exit,4767.57,5048.01,136.43,144.01,1.06,High,No,Win,2.56,14:43,176,17:39
22,2025-10-14,ICICIBANK,Banking,MACD,sideways,4080,4120.71,80,3256.8,Fear,Early Exit,4013.28,4297.23,66.72,217.23,3.26,Medium,Yes,Win,1.0,10:07,106,11:53
23,2026-03-28,ICICIBANK,Banking,RSI,Bearish,4507,4470.54,86,-3135.56,Fear,Early Exit,4387.83,4653.65,119.17,146.65,1.23,Medium,Yes,Loss,-0.81,12:36,61,13:37
24,2026-04-09,TCS,IT,BREAKOUT,Bearish,3399,3480.35,44,3579.4,Greed,No Mistake,3359.97,3579.19,39.03,180.19,4.62,Medium,Yes,Win,2.39,12:00,100,13:40
25,2025-09-26,ICICIBANK,Banking,RSI,Bearish,1462,1504.94,95,4079.3,Greed,Overtrading,1427.78,1505.31,34.22,43.31,1.27,Low,Yes,Win,2.94,10:46,145,13:11
26,2026-04-12,RELIANCE,Energy,MACD,Bullish,1034,1011.51,15,-337.35,Confidence,No Mistake,1020.96,1078.82,13.04,44.82,3.44,Medium,Yes,Loss,-2.18,10:56,222,14:38
27,2026-02-02,HDFCBANK,Banking,BREAKOUT,Bearish,1541,1472.06,36,-2481.84,Fear,Early Exit,1506.48,1618.23,34.52,77.23,2.24,Medium,Yes,Loss,-4.47,14:09,44,14:53
28,2025-11-06,TCS,IT,RSI,Bearish,3733,3588.6,61,-8808.4,Confidence,No Mistake,3641.87,3897.52,91.13,164.52,1.81,High,Yes,Loss,-3.87,09:36,158,12:14
29,2025-11-15,HDFCBANK,Banking,RSI,sideways,1514,1449.7,55,-3536.5,Confidence,No Mistake,1472.26,1550.37,41.74,36.37,0.87,High,Yes,Loss,-4.25,10:38,171,13:29
30,2025-10-27,ICICIBANK,Banking,MACD,Volatile,1952,1972.05,19,380.95,Confidence,No Mistake,1917.52,2061.86,34.48,109.86,3.19,Medium,Yes,Win,1.03,10:27,114,12:21
31,2025-06-20,HDFCBANK,Banking,MACD,sideways,2366,2442.41,85,6494.85,Fear,No Mistake,2328.95,2466.55,37.05,100.55,2.71,Medium,Yes,Win,3.23,14:39,93,16:12
32,2025-09-15,HDFCBANK,Banking,RSI,Bullish,2166,2212.02,60,2761.2,Fear,Early Exit,2138.25,2209.56,27.75,43.56,1.57,Low,Yes,Win,2.12,11:21,179,14:20
33,2025-12-03,RELIANCE,Energy,BREAKOUT,Bearish,1566,1516.29,33,-1640.43,Fear,No Mistake,1538.86,1637.05,27.14,71.05,2.62,High,Yes,Loss,-3.17,09:14,95,10:49
34,2025-07-19,TCS,IT,BREAKOUT,Bearish,1184,1229.03,96,4322.88,Fear,Early Exit,1150.71,1226.66,33.29,42.66,1.28,Medium,Yes,Win,3.8,10:43,230,14:33
35,2025-07-18,INFY,IT,MACD,Bearish,2524,2562.07,30,1142.1,Confidence,No Mistake,2454.08,2641.06,69.92,117.06,1.67,Medium,Yes,Win,1.51,14:27,70,15:37
36,2026-03-02,RELIANCE,Energy,BREAKOUT,Bullish,2534,2566.7,22,719.4,Confidence,No Mistake,2459.69,2594.85,74.31,60.85,0.82,Medium,No,Win,1.29,14:50,211,18:21
37,2026-04-27,TCS,IT,RSI,Bullish,2078,2102.28,15,364.2,Confidence,Late Entry,2020.34,2166.03,57.66,88.03,1.53,Medium,No,Win,1.17,11:54,92,13:26
38,2026-02-04,HDFCBANK,Banking,RSI,Volatile,1280,1312.95,41,1350.95,Fear,Early Exit,1255.05,1313.94,24.95,33.94,1.36,High,Yes,Win,2.57,11:08,62,12:10
39,2025-08-27,HDFCBANK,Banking,MACD,Bullish,3139,3055.05,96,-8059.2,Greed,No Mistake,3090.6,3271.23,48.4,132.23,2.73,Low,No,Loss,-2.67,12:59,148,15:27
40,2025-10-20,TCS,IT,MACD,Bearish,2957,3026.87,76,5310.12,Greed,No Mistake,2922.69,3020.24,34.31,63.24,1.84,Medium,Yes,Win,2.36,13:42,94,15:16
41,2025-06-23,RELIANCE,Energy,MACD,sideways,3704,3704.09,15,1.35,Confidence,No Mistake,3663.35,3820.65,40.65,116.65,2.87,Medium,Yes,Win,0.0,13:39,28,14:07
42,2025-12-10,TCS,IT,BREAKOUT,sideways,4436,4468.9,35,1151.5,Confidence,No Mistake,4316.24,4538.44,119.76,102.44,0.86,High,Yes,Win,0.74,14:29,62,15:31
43,2025-12-27,RELIANCE,Energy,MACD,Volatile,2439,2408.65,98,-2974.3,Greed,Overtrading,2393.04,2505.89,45.96,66.89,1.46,High,Yes,Loss,-1.24,12:23,190,15:33
44,2026-04-16,HDFCBANK,Banking,RSI,sideways,3159,3019.51,32,-4463.68,Fear,Early Exit,3071.0,3245.82,88.0,86.82,0.99,High,Yes,Loss,-4.42,12:22,59,13:21
45,2026-02-20,ICICIBANK,Banking,RSI,Volatile,2154,2159.48,88,482.24,Fear,Early Exit,2116.74,2227.04,37.26,73.04,1.96,Medium,Yes,Win,0.25,12:07,152,14:39
46,2026-03-09,RELIANCE,Energy,RSI,Bearish,3898,4056.99,12,1907.88,Fear,Early Exit,3844.66,4078.21,53.34,180.21,3.38,Medium,Yes,Win,4.08,14:52,221,18:33
47,2026-04-30,RELIANCE,Energy,RSI,Bearish,2665,2757.21,76,7007.96,Confidence,No Mistake,2636.99,2804.07,28.01,139.07,4.97,High,Yes,Win,3.46,11:34,229,15:23
48,2026-02-21,HDFCBANK,Banking,BREAKOUT,Bearish,1392,1426.14,76,2594.64,Greed,No Mistake,1367.05,1435.67,24.95,43.67,1.75,High,Yes,Win,2.45,12:49,160,15:29
49,2026-02-11,INFY,IT,BREAKOUT,sideways,3976,4047.72,79,5665.88,Greed,Overtrading,3881.33,4065.31,94.67,89.31,0.94,Medium,Yes,Win,1.8,11:42,166,14:28
50,2026-02-09,ICICIBANK,Banking,BREAKOUT,sideways,4612,4388.97,74,-16504.22,Greed,Overtrading,4511.79,4734.03,100.21,122.03,1.22,Medium,Yes,Loss,-4.84,14:29,42,15:11
51,2026-04-18,HDFCBANK,Banking,MACD,Bullish,1288,1238.27,46,-2287.58,Confidence,No Mistake,1267.12,1352.42,20.88,64.42,3.09,Medium,Yes,Loss,-3.86,13:27,58,14:25
52,2026-02-07,RELIANCE,Energy,BREAKOUT,Volatile,2354,2433.94,66,5276.04,Fear,No Mistake,2321.6,2409.61,32.4,55.61,1.72,High,Yes,Win,3.4,09:21,144,11:45
53,2025-12-06,HDFCBANK,Banking,RSI,Bearish,4553,4504.81,59,-2843.21,Greed,Overtrading,4470.72,4771.18,82.28,218.18,2.65,Low,Yes,Loss,-1.06,11:49,55,12:44
54,2026-03-05,HDFCBANK,Banking,RSI,Bearish,3816,3917.04,77,7780.08,Fear,No Mistake,3756.51,3931.92,59.49,115.92,1.95,Medium,No,Win,2.65,10:56,109,12:45
55,2025-07-06,RELIANCE,Energy,BREAKOUT,Bullish,2856,2719.34,76,-10386.16,Confidence,No Mistake,2790.21,2932.07,65.79,76.07,1.16,Medium,Yes,Loss,-4.79,09:21,65,10:26
56,2026-05-03,INFY,IT,BREAKOUT,Bearish,4153,4159.62,28,185.36,Fear,No Mistake,4030.59,4266.63,122.41,113.63,0.93,Medium,Yes,Win,0.16,09:59,199,13:18
57,2025-09-15,INFY,IT,BREAKOUT,sideways,3946,4021.34,59,4445.06,Confidence,No Mistake,3848.31,4084.62,97.69,138.62,1.42,Medium,Yes,Win,1.91,10:07,117,12:04
58,2026-05-01,INFY,IT,MACD,sideways,3393,3414.31,72,1534.32,Confidence,No Mistake,3353.2,3506.05,39.8,113.05,2.84,Low,Yes,Win,0.63,09:42,186,12:48
59,2026-05-11,TCS,IT,RSI,Volatile,3521,3417.77,83,-8568.09,Fear,Early Exit,3451.16,3638.96,69.84,117.96,1.69,High,Yes,Loss,-2.93,10:06,197,13:23
60,2026-04-27,INFY,IT,BREAKOUT,Bullish,4708,4651.98,43,-2408.86,Fear,Early Exit,4598.09,4981.63,109.91,273.63,2.49,High,No,Loss,-1.19,14:34,46,15:20
61,2026-04-24,INFY,IT,BREAKOUT,Volatile,1432,1467.56,21,746.76,Fear,No Mistake,1390.09,1505.25,41.91,73.25,1.75,High,No,Win,2.48,13:51,12,14:03
62,2026-02-26,TCS,IT,MACD,Volatile,3450,3588.68,58,8043.44,Fear,No Mistake,3398.56,3588.41,51.44,138.41,2.69,Low,Yes,Win,4.02,09:24,186,12:30
63,2025-11-15,HDFCBANK,Banking,MACD,sideways,2661,2685.22,91,2204.02,Greed,Overtrading,2630.25,2749.93,30.75,88.93,2.89,High,No,Win,0.91,14:54,37,15:31
64,2025-11-20,ICICIBANK,Banking,RSI,sideways,2874,2981.37,64,6871.68,Greed,No Mistake,2831.11,3032.59,42.89,158.59,3.7,Low,No,Win,3.74,11:08,187,14:15
65,2026-05-19,HDFCBANK,Banking,RSI,Volatile,2728,2770.71,17,726.07,Confidence,No Mistake,2665.75,2860.3,62.25,132.3,2.13,Low,Yes,Win,1.57,10:53,12,11:05
66,2026-02-13,RELIANCE,Energy,BREAKOUT,Bearish,2125,2126.57,86,135.02,Fear,Early Exit,2066.7,2234.36,58.3,109.36,1.88,Medium,No,Win,0.07,14:23,232,18:15
67,2025-12-30,TCS,IT,BREAKOUT,sideways,3230,3127.21,13,-1336.27,Greed,Overtrading,3171.11,3419.84,58.89,189.84,3.22,Medium,Yes,Loss,-3.18,11:08,171,13:59
68,2025-12-30,TCS,IT,MACD,Volatile,3084,3013.06,22,-1560.68,Fear,Early Exit,2996.15,3228.85,87.85,144.85,1.65,Medium,Yes,Loss,-2.3,11:18,32,11:50
69,2025-08-29,ICICIBANK,Banking,BREAKOUT,Bearish,2276,2334.98,49,2890.02,Confidence,No Mistake,2230.49,2380.48,45.51,104.48,2.3,Medium,Yes,Win,2.59,12:08,84,13:32
70,2025-08-17,RELIANCE,Energy,RSI,Bullish,4418,4593.34,32,5610.88,Confidence,No Mistake,4293.38,4654.24,124.62,236.24,1.9,Low,No,Win,3.97,10:08,217,13:45
71,2025-06-16,ICICIBANK,Banking,RSI,Volatile,4862,5062.04,48,9601.92,Fear,No Mistake,4719.86,5057.42,142.14,195.42,1.37,Medium,Yes,Win,4.11,09:27,18,09:45
72,2025-07-23,RELIANCE,Energy,BREAKOUT,sideways,4726,4961.12,81,19044.72,Confidence,No Mistake,4617.47,4971.24,108.53,245.24,2.26,Medium,Yes,Win,4.98,10:13,7,10:20
73,2026-05-16,ICICIBANK,Banking,BREAKOUT,Volatile,1914,1830.56,89,-7426.16,Greed,Overtrading,1883.7,2017.97,30.3,103.97,3.43,Medium,Yes,Loss,-4.36,09:26,64,10:30
74,2025-07-30,ICICIBANK,Banking,MACD,Bullish,4217,4294.33,11,850.63,Greed,No Mistake,4117.32,4338.26,99.68,121.26,1.22,High,No,Win,1.83,11:34,157,14:11
75,2025-08-21,RELIANCE,Energy,MACD,Bullish,2018,1966.94,29,-1480.74,Greed,No Mistake,1984.33,2130.36,33.67,112.36,3.34,High,Yes,Loss,-2.53,12:37,136,14:53
76,2026-05-13,INFY,IT,BREAKOUT,Bearish,1135,1087.38,27,-1285.74,Fear,Early Exit,1113.91,1189.91,21.09,54.91,2.6,High,Yes,Loss,-4.2,11:13,210,14:43
77,2026-03-10,ICICIBANK,Banking,RSI,Bearish,2321,2434.06,13,1469.78,Fear,No Mistake,2266.18,2368.67,54.82,47.67,0.87,High,No,Win,4.87,10:28,205,13:53
78,2025-09-01,TCS,IT,MACD,Volatile,2791,2838.6,83,3950.8,Fear,Early Exit,2709.38,2900.62,81.62,109.62,1.34,Medium,Yes,Win,1.71,12:43,67,13:50
79,2025-06-15,INFY,IT,MACD,Bearish,4598,4692.23,50,4711.5,Greed,Overtrading,4542.27,4771.52,55.73,173.52,3.11,Medium,Yes,Win,2.05,11:27,76,12:43
80,2026-01-08,ICICIBANK,Banking,MACD,Bullish,4281,4077.55,98,-19938.1,Fear,Early Exit,4188.69,4508.17,92.31,227.17,2.46,Medium,Yes,Loss,-4.75,11:52,123,13:55
81,2025-09-27,HDFCBANK,Banking,RSI,Volatile,1143,1134.66,76,-633.84,Confidence,No Mistake,1112.19,1169.2,30.81,26.2,0.85,Medium,Yes,Loss,-0.73,11:25,100,13:05
82,2025-09-12,ICICIBANK,Banking,BREAKOUT,Bearish,1455,1470.76,73,1150.48,Greed,Overtrading,1432.83,1511.99,22.17,56.99,2.57,High,No,Win,1.08,12:27,66,13:33
83,2026-06-03,ICICIBANK,Banking,BREAKOUT,Bullish,2738,2761.67,86,2035.62,Greed,Overtrading,2708.12,2837.4,29.88,99.4,3.33,High,Yes,Win,0.86,12:37,34,13:11
84,2026-02-05,RELIANCE,Energy,BREAKOUT,Volatile,1271,1270.34,22,-14.52,Confidence,Late Entry,1238.54,1330.03,32.46,59.03,1.82,Low,Yes,Loss,-0.05,11:29,134,13:43
85,2025-12-17,HDFCBANK,Banking,BREAKOUT,Bullish,1413,1384.12,48,-1386.24,Fear,Early Exit,1396.01,1452.25,16.99,39.25,2.31,Low,Yes,Loss,-2.04,09:19,128,11:27
86,2026-04-07,TCS,IT,BREAKOUT,Bullish,2905,2835.52,89,-6183.72,Confidence,No Mistake,2873.61,3002.87,31.39,97.87,3.12,Low,Yes,Loss,-2.39,10:04,51,10:55
87,2026-04-04,ICICIBANK,Banking,MACD,sideways,3944,3982.7,81,3134.7,Confidence,No Mistake,3902.83,4078.57,41.17,134.57,3.27,High,Yes,Win,0.98,10:55,113,12:48
88,2025-10-12,INFY,IT,RSI,Bullish,2843,2787.76,20,-1104.8,Fear,Early Exit,2770.81,2953.1,72.19,110.1,1.53,High,Yes,Loss,-1.94,13:08,203,16:31
89,2025-08-10,INFY,IT,MACD,Volatile,1711,1793.59,52,4294.68,Confidence,Late Entry,1685.22,1795.12,25.78,84.12,3.26,Low,Yes,Win,4.83,09:17,67,10:24
90,2025-12-21,ICICIBANK,Banking,BREAKOUT,Volatile,1372,1419.07,88,4142.16,Confidence,No Mistake,1348.5,1446.28,23.5,74.28,3.16,Medium,No,Win,3.43,11:00,51,11:51
91,2026-05-18,TCS,IT,MACD,Volatile,4106,4104.98,61,-62.22,Greed,Overtrading,4024.8,4242.47,81.2,136.47,1.68,Medium,Yes,Loss,-0.02,13:11,134,15:25
92,2025-11-29,INFY,IT,RSI,Bullish,3276,3270.31,67,-381.23,Confidence,No Mistake,3230.65,3361.47,45.35,85.47,1.88,High,Yes,Loss,-0.17,09:49,195,13:04
93,2025-07-14,INFY,IT,RSI,Bullish,4812,4607.91,50,-10204.5,Confidence,No Mistake,4697.09,5020.79,114.91,208.79,1.82,Medium,No,Loss,-4.24,11:05,81,12:26
94,2025-10-26,TCS,IT,MACD,Volatile,3543,3495.04,11,-527.56,Greed,No Mistake,3476.04,3711.83,66.96,168.83,2.52,Medium,No,Loss,-1.35,09:29,28,09:57
95,2025-08-14,INFY,IT,MACD,Volatile,4138,4125.15,37,-475.45,Fear,Early Exit,4078.01,4384.69,59.99,246.69,4.11,Medium,Yes,Loss,-0.31,14:43,22,15:05
96,2026-05-07,INFY,IT,MACD,Bearish,2895,2942.08,61,2871.88,Confidence,No Mistake,2829.39,2959.1,65.61,64.1,0.98,Medium,No,Win,1.63,13:37,137,15:54
97,2026-03-16,ICICIBANK,Banking,MACD,Volatile,3059,2982.61,95,-7257.05,Confidence,No Mistake,2992.37,3209.12,66.63,150.12,2.25,High,Yes,Loss,-2.5,13:09,7,13:16
98,2025-12-21,TCS,IT,BREAKOUT,Volatile,2707,2586.51,61,-7349.89,Fear,No Mistake,2627.25,2812.83,79.75,105.83,1.33,Low,Yes,Loss,-4.45,11:55,75,13:10
99,2025-08-24,TCS,IT,RSI,Bullish,2188,2118.12,36,-2515.68,Greed,Overtrading,2160.55,2274.37,27.45,86.37,3.15,Medium,Yes,Loss,-3.19,13:40,167,16:27
100,2026-01-06,RELIANCE,Energy,RSI,Bullish,4575,4432.62,54,-7688.52,Fear,No Mistake,4505.65,4738.46,69.35,163.46,2.36,Low,Yes,Loss,-3.11,11:03,135,13:18
101,2025-07-10,HDFCBANK,Banking,RSI,sideways,1093,1051.73,54,-2228.58,Fear,Early Exit,1069.46,1133.81,23.54,40.81,1.73,High,Yes,Loss,-3.78,11:54,41,12:35
102,2026-04-08,HDFCBANK,Banking,RSI,Volatile,3012,2935.13,33,-2536.71,Confidence,Late Entry,2931.08,3101.31,80.92,89.31,1.1,Medium,Yes,Loss,-2.55,10:37,161,13:18
103,2026-04-22,INFY,IT,BREAKOUT,Volatile,1188,1245.93,12,695.16,Fear,No Mistake,1156.11,1213.78,31.89,25.78,0.81,Low,Yes,Win,4.88,14:36,172,17:28
104,2025-10-31,RELIANCE,Energy,BREAKOUT,sideways,4208,4362.98,74,11468.52,Confidence,No Mistake,4163.91,4397.58,44.09,189.58,4.3,Low,Yes,Win,3.68,10:02,214,13:36
105,2026-03-27,TCS,IT,BREAKOUT,sideways,1411,1432.16,47,994.52,Greed,Overtrading,1390.55,1483.79,20.45,72.79,3.56,Low,Yes,Win,1.5,10:46,29,11:15
106,2025-12-22,HDFCBANK,Banking,MACD,Volatile,1680,1762.19,17,1397.23,Fear,Early Exit,1639.37,1740.47,40.63,60.47,1.49,Medium,Yes,Win,4.89,14:01,28,14:29
107,2025-07-29,TCS,IT,MACD,Bearish,4177,4379.12,17,3436.04,Fear,No Mistake,4084.26,4264.18,92.74,87.18,0.94,Medium,No,Win,4.84,13:33,116,15:29
108,2025-11-30,INFY,IT,MACD,Bearish,4982,4921.41,99,-5998.41,Fear,Early Exit,4881.66,5212.65,100.34,230.65,2.3,High,No,Loss,-1.22,11:41,215,15:16
109,2026-01-22,RELIANCE,Energy,BREAKOUT,sideways,4781,4678.22,98,-10072.44,Greed,Overtrading,4724.82,4929.66,56.18,148.66,2.65,Low,Yes,Loss,-2.15,12:23,185,15:28
110,2026-05-02,RELIANCE,Energy,BREAKOUT,Bearish,4487,4505.81,63,1185.03,Greed,Overtrading,4363.17,4700.11,123.83,213.11,1.72,Medium,Yes,Win,0.42,09:39,222,13:21
111,2026-03-24,RELIANCE,Energy,RSI,Bearish,3398,3298.95,80,-7924.0,Confidence,No Mistake,3297.13,3533.87,100.87,135.87,1.35,High,No,Loss,-2.91,10:20,140,12:40
112,2025-07-04,HDFCBANK,Banking,RSI,Bullish,3453,3543.67,87,7888.29,Fear,Early Exit,3409.28,3610.78,43.72,157.78,3.61,Low,Yes,Win,2.63,14:57,220,18:37
113,2026-01-02,ICICIBANK,Banking,RSI,Volatile,2177,2125.72,90,-4615.2,Fear,No Mistake,2131.06,2245.01,45.94,68.01,1.48,Low,Yes,Loss,-2.36,12:25,124,14:29
114,2026-03-25,INFY,IT,RSI,Bearish,1196,1136.42,11,-655.38,Greed,Overtrading,1166.37,1231.36,29.63,35.36,1.19,Low,Yes,Loss,-4.98,13:26,175,16:21
115,2026-03-06,ICICIBANK,Banking,BREAKOUT,sideways,2934,2855.31,53,-4170.57,Confidence,No Mistake,2862.0,3095.35,72.0,161.35,2.24,Low,Yes,Loss,-2.68,09:01,22,09:23
116,2025-10-04,RELIANCE,Energy,RSI,Bearish,4358,4483.31,22,2756.82,Greed,Overtrading,4260.15,4557.97,97.85,199.97,2.04,Low,Yes,Win,2.88,11:04,190,14:14
117,2026-01-31,ICICIBANK,Banking,MACD,Bearish,4605,4769.15,58,9520.7,Greed,Overtrading,4482.84,4871.22,122.16,266.22,2.18,High,Yes,Win,3.56,09:41,126,11:47
118,2026-01-24,INFY,IT,MACD,Bearish,4459,4382.19,86,-6605.66,Confidence,Late Entry,4398.7,4667.93,60.3,208.93,3.46,Medium,No,Loss,-1.72,10:19,191,13:30
119,2026-05-23,INFY,IT,BREAKOUT,sideways,2034,2105.54,56,4006.24,Fear,Early Exit,2008.37,2153.06,25.63,119.06,4.65,High,Yes,Win,3.52,11:21,82,12:43
120,2026-04-08,RELIANCE,Energy,MACD,Volatile,3502,3614.51,43,4837.93,Greed,Overtrading,3403.04,3710.04,98.96,208.04,2.1,Medium,Yes,Win,3.21,14:29,233,18:22
121,2025-06-23,HDFCBANK,Banking,MACD,Bearish,1646,1625.17,49,-1020.67,Greed,No Mistake,1596.74,1714.25,49.26,68.25,1.39,High,Yes,Loss,-1.27,12:53,115,14:48
122,2026-05-13,TCS,IT,MACD,Bullish,2089,2020.12,74,-5097.12,Fear,Early Exit,2064.71,2141.38,24.29,52.38,2.16,Low,Yes,Loss,-3.3,10:03,105,11:48
123,2026-04-30,HDFCBANK,Banking,RSI,Volatile,2380,2400.8,82,1705.6,Fear,Early Exit,2338.92,2468.36,41.08,88.36,2.15,Medium,No,Win,0.87,10:11,193,13:24
124,2025-08-21,ICICIBANK,Banking,MACD,sideways,3393,3262.46,99,-12923.46,Greed,Overtrading,3347.97,3589.37,45.03,196.37,4.36,Medium,Yes,Loss,-3.85,14:45,108,16:33
125,2026-06-02,ICICIBANK,Banking,RSI,Volatile,1422,1423.54,23,35.42,Fear,Early Exit,1405.44,1505.18,16.56,83.18,5.02,High,Yes,Win,0.11,11:07,169,13:56
126,2025-07-29,RELIANCE,Energy,RSI,Volatile,2982,2908.71,60,-4397.4,Greed,Overtrading,2892.69,3120.47,89.31,138.47,1.55,Medium,No,Loss,-2.46,09:03,91,10:34
127,2026-03-24,INFY,IT,MACD,sideways,4900,4971.76,42,3013.92,Greed,No Mistake,4809.86,5059.63,90.14,159.63,1.77,High,Yes,Win,1.46,11:09,114,13:03
128,2026-02-14,INFY,IT,BREAKOUT,sideways,2075,2109.82,73,2541.86,Greed,Overtrading,2044.8,2156.23,30.2,81.23,2.69,Medium,Yes,Win,1.68,10:31,161,13:12
129,2025-12-10,INFY,IT,RSI,Bearish,4260,4421.27,95,15320.65,Fear,Early Exit,4195.62,4436.97,64.38,176.97,2.75,Medium,No,Win,3.79,09:55,170,12:45
130,2025-10-06,INFY,IT,RSI,sideways,2109,2116.24,69,499.56,Greed,No Mistake,2069.93,2162.42,39.07,53.42,1.37,Low,Yes,Win,0.34,10:02,233,13:55
131,2026-02-21,ICICIBANK,Banking,MACD,Volatile,4459,4653.3,11,2137.3,Greed,No Mistake,4406.7,4641.71,52.3,182.71,3.49,Medium,No,Win,4.36,13:28,150,15:58
132,2026-03-13,RELIANCE,Energy,RSI,Volatile,2988,2969.34,70,-1306.2,Confidence,Late Entry,2904.83,3112.07,83.17,124.07,1.49,Medium,Yes,Loss,-0.62,11:40,226,15:26
133,2025-10-17,HDFCBANK,Banking,MACD,Bullish,1873,1901.4,64,1817.6,Greed,Overtrading,1825.01,1956.31,47.99,83.31,1.74,Medium,No,Win,1.52,11:51,96,13:27
134,2026-04-14,HDFCBANK,Banking,MACD,Bullish,1775,1836.67,25,1541.75,Greed,No Mistake,1730.84,1812.37,44.16,37.37,0.85,Low,Yes,Win,3.47,13:55,56,14:51
135,2026-04-19,RELIANCE,Energy,MACD,Bearish,1740,1785.42,17,772.14,Confidence,No Mistake,1711.91,1822.24,28.09,82.24,2.93,Medium,Yes,Win,2.61,10:11,204,13:35
136,2026-05-19,ICICIBANK,Banking,MACD,Volatile,3456,3286.65,91,-15410.85,Confidence,No Mistake,3406.26,3660.2,49.74,204.2,4.11,Medium,Yes,Loss,-4.9,14:50,161,17:31
137,2025-12-22,RELIANCE,Energy,BREAKOUT,sideways,2647,2531.53,25,-2886.75,Confidence,No Mistake,2613.12,2705.28,33.88,58.28,1.72,High,Yes,Loss,-4.36,13:19,127,15:26
138,2025-09-15,RELIANCE,Energy,RSI,Bearish,2711,2844.9,32,4284.8,Confidence,Late Entry,2636.54,2810.51,74.46,99.51,1.34,Medium,Yes,Win,4.94,14:06,134,16:20
139,2026-03-01,TCS,IT,MACD,Volatile,3413,3567.93,98,15183.14,Confidence,Late Entry,3314.87,3506.54,98.13,93.54,0.95,Medium,Yes,Win,4.54,09:11,9,09:20
140,2026-05-30,RELIANCE,Energy,BREAKOUT,sideways,3323,3313.68,79,-736.28,Confidence,No Mistake,3268.89,3402.17,54.11,79.17,1.46,High,No,Loss,-0.28,11:25,232,15:17
141,2025-10-14,TCS,IT,BREAKOUT,Volatile,1297,1297.39,92,35.88,Fear,Early Exit,1258.76,1362.72,38.24,65.72,1.72,Medium,Yes,Win,0.03,11:22,6,11:28
142,2026-01-05,HDFCBANK,Banking,BREAKOUT,sideways,4625,4531.49,98,-9163.98,Confidence,Late Entry,4559.11,4828.96,65.89,203.96,3.1,Medium,Yes,Loss,-2.02,14:58,5,15:03
143,2026-03-30,TCS,IT,RSI,Volatile,4713,4945.63,41,9537.83,Confidence,No Mistake,4657.49,4827.46,55.51,114.46,2.06,Medium,Yes,Win,4.94,14:10,233,18:03
144,2026-05-21,TCS,IT,BREAKOUT,Bullish,2545,2462.76,29,-2384.96,Greed,Overtrading,2503.01,2676.54,41.99,131.54,3.13,Low,Yes,Loss,-3.23,09:08,218,12:46
145,2026-01-28,RELIANCE,Energy,MACD,Bullish,4938,4816.94,56,-6779.36,Greed,No Mistake,4877.7,5036.85,60.3,98.85,1.64,Medium,Yes,Loss,-2.45,09:26,196,12:42
146,2026-04-21,ICICIBANK,Banking,BREAKOUT,Bullish,1663,1658.24,52,-247.52,Fear,Early Exit,1621.24,1731.91,41.76,68.91,1.65,Low,Yes,Loss,-0.29,09:15,60,10:15
147,2025-07-10,ICICIBANK,Banking,MACD,Bearish,4479,4587.24,10,1082.4,Greed,Overtrading,4408.48,4704.73,70.52,225.73,3.2,Low,No,Win,2.42,11:01,133,13:14
148,2026-05-23,INFY,IT,RSI,sideways,2544,2501.53,29,-1231.63,Fear,Early Exit,2499.68,2617.23,44.32,73.23,1.65,Medium,Yes,Loss,-1.67,11:26,63,12:29
149,2026-05-08,ICICIBANK,Banking,RSI,Volatile,1416,1354.13,98,-6063.26,Greed,No Mistake,1395.8,1463.53,20.2,47.53,2.35,Medium,Yes,Loss,-4.37,14:38,76,15:54
150,2025-06-24,RELIANCE,Energy,RSI,Volatile,1514,1536.19,70,1553.3,Fear,Early Exit,1495.28,1545.56,18.72,31.56,1.69,Medium,Yes,Win,1.47,09:49,91,11:20
151,2025-11-25,ICICIBANK,Banking,RSI,sideways,2091,2087.21,47,-178.13,Greed,Overtrading,2031.71,2177.87,59.29,86.87,1.47,High,Yes,Loss,-0.18,13:24,11,13:35
152,2026-04-01,TCS,IT,RSI,Bearish,4615,4517.4,21,-2049.6,Greed,Overtrading,4489.8,4813.73,125.2,198.73,1.59,Medium,Yes,Loss,-2.11,12:39,197,15:56
153,2025-10-22,INFY,IT,MACD,Volatile,4646,4866.26,77,16960.02,Confidence,No Mistake,4540.0,4740.09,106.0,94.09,0.89,Medium,No,Win,4.74,14:35,113,16:28
154,2026-05-07,HDFCBANK,Banking,RSI,Bullish,2906,2828.79,83,-6408.43,Greed,No Mistake,2834.86,3069.02,71.14,163.02,2.29,High,Yes,Loss,-2.66,09:03,185,12:08
155,2026-04-15,TCS,IT,RSI,Bearish,2101,2137.12,72,2600.64,Greed,Overtrading,2063.88,2173.68,37.12,72.68,1.96,Medium,No,Win,1.72,13:46,171,16:37
156,2025-09-08,HDFCBANK,Banking,BREAKOUT,Bearish,1948,2041.23,70,6526.1,Fear,No Mistake,1919.38,2032.16,28.62,84.16,2.94,Medium,No,Win,4.79,13:53,151,16:24
157,2026-03-23,INFY,IT,MACD,Bullish,4964,5063.53,82,8161.46,Confidence,No Mistake,4862.04,5179.57,101.96,215.57,2.11,Medium,Yes,Win,2.01,12:25,21,12:46
158,2025-10-08,RELIANCE,Energy,RSI,Bullish,1382,1437.32,42,2323.44,Greed,Overtrading,1367.37,1409.78,14.63,27.78,1.9,High,Yes,Win,4.0,12:26,172,15:18
159,2026-02-25,RELIANCE,Energy,MACD,Volatile,2655,2527.85,88,-11189.2,Confidence,No Mistake,2613.25,2717.49,41.75,62.49,1.5,High,No,Loss,-4.79,14:44,226,18:30
160,2025-06-19,ICICIBANK,Banking,RSI,sideways,3644,3547.31,75,-7251.75,Fear,Early Exit,3536.7,3761.68,107.3,117.68,1.1,High,No,Loss,-2.65,11:30,117,13:27
161,2025-11-12,ICICIBANK,Banking,MACD,sideways,4675,4689.87,37,550.19,Confidence,Late Entry,4541.74,4935.16,133.26,260.16,1.95,Medium,Yes,Win,0.32,13:46,58,14:44
162,2025-10-06,ICICIBANK,Banking,RSI,sideways,2031,2010.34,45,-929.7,Confidence,No Mistake,2002.28,2081.63,28.72,50.63,1.76,High,Yes,Loss,-1.02,09:30,95,11:05
163,2025-07-21,RELIANCE,Energy,BREAKOUT,Volatile,1279,1290.37,80,909.6,Confidence,No Mistake,1248.05,1331.57,30.95,52.57,1.7,Medium,Yes,Win,0.89,11:39,116,13:35
164,2026-05-04,ICICIBANK,Banking,RSI,Volatile,2002,2010.39,60,503.4,Greed,Overtrading,1969.63,2068.84,32.37,66.84,2.06,Medium,Yes,Win,0.42,11:12,198,14:30
165,2026-05-12,RELIANCE,Energy,BREAKOUT,Volatile,1307,1270.33,78,-2860.26,Fear,No Mistake,1290.47,1349.79,16.53,42.79,2.59,Medium,No,Loss,-2.81,11:43,203,15:06
166,2026-01-25,TCS,IT,MACD,Bullish,1374,1311.58,46,-2871.32,Fear,No Mistake,1358.09,1409.31,15.91,35.31,2.22,Medium,Yes,Loss,-4.54,11:55,111,13:46
167,2025-09-15,RELIANCE,Energy,MACD,sideways,1373,1363.86,99,-904.86,Fear,Early Exit,1334.58,1438.87,38.42,65.87,1.71,High,No,Loss,-0.67,13:16,125,15:21
168,2026-01-13,RELIANCE,Energy,RSI,Bullish,4446,4387.17,93,-5471.19,Fear,Early Exit,4352.4,4702.86,93.6,256.86,2.74,Medium,No,Loss,-1.32,12:52,83,14:15
169,2025-09-16,INFY,IT,MACD,Bullish,3657,3474.31,59,-10778.71,Greed,No Mistake,3555.98,3799.21,101.02,142.21,1.41,Low,Yes,Loss,-5.0,14:25,150,16:55
170,2026-02-27,RELIANCE,Energy,MACD,Bearish,3147,3009.2,39,-5374.2,Fear,Early Exit,3085.54,3301.57,61.46,154.57,2.51,High,Yes,Loss,-4.38,10:12,25,10:37
171,2025-09-01,TCS,IT,BREAKOUT,sideways,2700,2821.3,19,2304.7,Fear,Early Exit,2637.28,2787.72,62.72,87.72,1.4,Medium,Yes,Win,4.49,09:20,152,11:52
172,2026-04-14,ICICIBANK,Banking,MACD,Volatile,1947,1949.89,14,40.46,Confidence,No Mistake,1912.71,1995.27,34.29,48.27,1.41,Low,Yes,Win,0.15,09:21,27,09:48
173,2025-08-23,TCS,IT,RSI,Bearish,1436,1420.87,63,-953.19,Greed,Overtrading,1413.15,1493.88,22.85,57.88,2.53,High,No,Loss,-1.05,12:54,214,16:28
174,2025-08-13,INFY,IT,RSI,sideways,4909,5016.47,65,6985.55,Confidence,No Mistake,4822.27,5026.53,86.73,117.53,1.36,High,No,Win,2.19,14:42,180,17:42
175,2025-12-25,ICICIBANK,Banking,BREAKOUT,Bullish,4141,4217.46,90,6881.4,Fear,Early Exit,4032.35,4247.9,108.65,106.9,0.98,Medium,Yes,Win,1.85,12:55,172,15:47
176,2025-09-29,RELIANCE,Energy,BREAKOUT,Volatile,1426,1386.28,61,-2422.92,Fear,No Mistake,1398.2,1476.29,27.8,50.29,1.81,Medium,Yes,Loss,-2.79,09:02,220,12:42
177,2025-08-08,HDFCBANK,Banking,BREAKOUT,Bearish,3903,3873.26,91,-2706.34,Greed,No Mistake,3815.06,3992.51,87.94,89.51,1.02,Low,Yes,Loss,-0.76,14:20,147,16:47
178,2025-10-20,ICICIBANK,Banking,MACD,Bearish,2457,2529.55,86,6239.3,Fear,Early Exit,2407.65,2538.28,49.35,81.28,1.65,High,Yes,Win,2.95,13:46,172,16:38
179,2026-01-03,ICICIBANK,Banking,MACD,Bullish,3022,2988.24,52,-1755.52,Fear,Early Exit,2969.56,3186.42,52.44,164.42,3.14,Medium,Yes,Loss,-1.12,14:32,57,15:29
180,2025-09-10,ICICIBANK,Banking,MACD,Volatile,3985,4143.51,55,8718.05,Greed,Overtrading,3934.06,4129.55,50.94,144.55,2.84,Medium,Yes,Win,3.98,13:34,40,14:14
181,2025-08-12,RELIANCE,Energy,BREAKOUT,sideways,4558,4660.87,88,9052.56,Fear,Early Exit,4451.23,4766.66,106.77,208.66,1.95,High,No,Win,2.26,11:13,41,11:54
182,2025-12-25,RELIANCE,Energy,BREAKOUT,Bearish,4178,4025.35,23,-3510.95,Greed,Overtrading,4129.53,4282.54,48.47,104.54,2.16,Low,No,Loss,-3.65,14:43,63,15:46
183,2026-02-06,RELIANCE,Energy,RSI,Bullish,1319,1282.06,23,-849.62,Greed,Overtrading,1290.79,1387.51,28.21,68.51,2.43,Medium,No,Loss,-2.8,13:09,161,15:50
184,2026-05-14,TCS,IT,RSI,Bearish,1337,1398.78,77,4757.06,Confidence,No Mistake,1319.43,1405.13,17.57,68.13,3.88,Low,No,Win,4.62,09:28,8,09:36
185,2026-04-27,INFY,IT,MACD,Bearish,3217,3204.31,79,-1002.51,Greed,Overtrading,3151.61,3342.17,65.39,125.17,1.91,Medium,Yes,Loss,-0.39,14:00,210,17:30
186,2026-03-16,RELIANCE,Energy,BREAKOUT,Bullish,4176,4039.79,27,-3677.67,Confidence,No Mistake,4106.25,4336.04,69.75,160.04,2.29,Medium,Yes,Loss,-3.26,12:21,202,15:43
187,2026-01-15,TCS,IT,MACD,Bullish,1096,1112.63,92,1529.96,Greed,Overtrading,1074.93,1130.95,21.07,34.95,1.66,Medium,Yes,Win,1.52,10:35,93,12:08
188,2026-05-08,HDFCBANK,Banking,MACD,Bullish,2517,2611.85,45,4268.25,Greed,Overtrading,2471.63,2667.13,45.37,150.13,3.31,High,Yes,Win,3.77,10:08,209,13:37
189,2026-02-18,RELIANCE,Energy,RSI,Bullish,4526,4306.53,31,-6803.57,Fear,Early Exit,4435.83,4648.1,90.17,122.1,1.35,Low,No,Loss,-4.85,13:49,221,17:30
190,2025-10-08,INFY,IT,MACD,Bullish,3452,3458.54,67,438.18,Fear,Early Exit,3376.47,3617.58,75.53,165.58,2.19,High,Yes,Win,0.19,12:33,34,13:07
191,2025-09-25,INFY,IT,RSI,Bearish,2939,2919.72,81,-1561.68,Fear,Early Exit,2894.65,3011.43,44.35,72.43,1.63,High,Yes,Loss,-0.66,09:31,218,13:09
192,2025-06-15,INFY,IT,RSI,Volatile,4557,4568.42,44,502.48,Greed,Overtrading,4458.97,4798.14,98.03,241.14,2.46,Medium,Yes,Win,0.25,11:00,21,11:21
193,2026-04-01,HDFCBANK,Banking,BREAKOUT,Volatile,2525,2447.24,44,-3421.44,Confidence,No Mistake,2452.37,2638.65,72.63,113.65,1.56,Low,Yes,Loss,-3.08,13:05,166,15:51
194,2026-03-19,HDFCBANK,Banking,MACD,Bearish,4731,4914.45,93,17060.85,Confidence,No Mistake,4671.81,4973.6,59.19,242.6,4.1,Medium,Yes,Win,3.88,09:25,90,10:55
195,2026-02-05,ICICIBANK,Banking,RSI,Bearish,1791,1823.28,29,936.12,Greed,Overtrading,1762.91,1851.84,28.09,60.84,2.17,Medium,Yes,Win,1.8,14:44,143,17:07
196,2025-06-12,HDFCBANK,Banking,BREAKOUT,Volatile,1708,1766.11,57,3312.27,Greed,Overtrading,1678.94,1751.69,29.06,43.69,1.5,High,No,Win,3.4,13:42,130,15:52
197,2025-09-29,RELIANCE,Energy,RSI,Bullish,4845,5033.08,12,2256.96,Greed,Overtrading,4782.54,5084.65,62.46,239.65,3.84,Low,Yes,Win,3.88,09:32,37,10:09
198,2026-04-19,ICICIBANK,Banking,BREAKOUT,Bullish,2007,1957.54,83,-4105.18,Greed,Overtrading,1970.43,2084.95,36.57,77.95,2.13,Low,Yes,Loss,-2.46,12:03,157,14:40
199,2025-08-26,HDFCBANK,Banking,BREAKOUT,Volatile,2880,2879.87,55,-7.15,Fear,Early Exit,2819.44,3010.97,60.56,130.97,2.16,High,Yes,Loss,-0.0,13:56,165,16:41
200,2026-05-13,INFY,IT,RSI,Bearish,4960,5095.65,50,6782.5,Confidence,No Mistake,4846.79,5066.88,113.21,106.88,0.94,Medium,Yes,Win,2.73,09:05,201,12:26
201,2025-10-22,TCS,IT,MACD,Bullish,4291,4397.57,64,6820.48,Confidence,Late Entry,4197.36,4472.94,93.64,181.94,1.94,Low,Yes,Win,2.48,14:54,139,17:13
202,2025-10-07,RELIANCE,Energy,BREAKOUT,Bullish,4289,4117.03,53,-9114.41,Fear,Early Exit,4205.78,4459.18,83.22,170.18,2.04,Medium,Yes,Loss,-4.01,11:07,107,12:54
203,2025-08-29,INFY,IT,MACD,Bearish,1605,1565.15,79,-3148.15,Greed,Overtrading,1571.48,1640.23,33.52,35.23,1.05,Medium,No,Loss,-2.48,14:33,140,16:53
204,2026-01-05,ICICIBANK,Banking,MACD,Bullish,1004,955.48,91,-4415.32,Fear,Early Exit,983.75,1029.78,20.25,25.78,1.27,High,Yes,Loss,-4.83,10:02,46,10:48
205,2026-02-21,HDFCBANK,Banking,BREAKOUT,Volatile,4990,5035.6,78,3556.8,Greed,Overtrading,4895.21,5194.39,94.79,204.39,2.16,Medium,Yes,Win,0.91,09:36,210,13:06
206,2025-08-30,INFY,IT,BREAKOUT,sideways,2456,2377.39,38,-2987.18,Greed,No Mistake,2395.93,2584.79,60.07,128.79,2.14,High,Yes,Loss,-3.2,09:15,57,10:12
207,2026-05-23,TCS,IT,BREAKOUT,Bearish,2597,2472.19,49,-6115.69,Confidence,No Mistake,2549.98,2704.3,47.02,107.3,2.28,High,Yes,Loss,-4.81,09:32,62,10:34
208,2025-08-12,HDFCBANK,Banking,MACD,sideways,2381,2439.25,59,3436.75,Fear,No Mistake,2330.83,2475.58,50.17,94.58,1.89,High,No,Win,2.45,09:50,211,13:21
209,2025-06-12,INFY,IT,BREAKOUT,Bearish,4358,4162.64,39,-7619.04,Fear,No Mistake,4239.67,4568.54,118.33,210.54,1.78,High,Yes,Loss,-4.48,12:17,236,16:13
210,2026-05-27,TCS,IT,BREAKOUT,sideways,2005,2016.09,40,443.6,Fear,No Mistake,1964.94,2068.16,40.06,63.16,1.58,Medium,Yes,Win,0.55,12:55,219,16:34
211,2026-04-17,RELIANCE,Energy,BREAKOUT,Volatile,4440,4293.74,39,-5704.14,Confidence,Late Entry,4321.09,4658.39,118.91,218.39,1.84,High,Yes,Loss,-3.29,11:36,60,12:36
212,2026-04-06,RELIANCE,Energy,RSI,Bullish,4116,4009.18,64,-6836.48,Confidence,No Mistake,4069.03,4304.11,46.97,188.11,4.0,Medium,Yes,Loss,-2.6,14:03,101,15:44
213,2026-04-19,ICICIBANK,Banking,MACD,Bullish,4170,4175.9,50,295.0,Confidence,No Mistake,4070.09,4350.79,99.91,180.79,1.81,Low,Yes,Win,0.14,09:25,108,11:13
214,2026-05-05,INFY,IT,MACD,Volatile,1889,1918.7,15,445.5,Fear,Early Exit,1853.59,1927.75,35.41,38.75,1.09,High,No,Win,1.57,12:30,131,14:41
215,2025-10-13,HDFCBANK,Banking,MACD,Bullish,3428,3409.14,43,-810.98,Fear,Early Exit,3362.84,3501.6,65.16,73.6,1.13,Medium,No,Loss,-0.55,14:11,133,16:24
216,2025-10-06,HDFCBANK,Banking,BREAKOUT,Bearish,2413,2321.21,50,-4589.5,Confidence,No Mistake,2377.21,2523.87,35.79,110.87,3.1,Medium,Yes,Loss,-3.8,12:14,57,13:11
217,2026-02-01,RELIANCE,Energy,BREAKOUT,Volatile,1710,1641.52,48,-3287.04,Confidence,No Mistake,1671.9,1783.66,38.1,73.66,1.93,High,Yes,Loss,-4.0,10:10,142,12:32
218,2026-06-01,ICICIBANK,Banking,RSI,Bullish,4585,4748.97,73,11969.81,Greed,Overtrading,4524.05,4710.56,60.95,125.56,2.06,Low,Yes,Win,3.58,14:51,171,17:42
219,2025-09-25,TCS,IT,MACD,Bearish,4560,4519.73,99,-3986.73,Greed,Overtrading,4510.32,4799.16,49.68,239.16,4.81,High,No,Loss,-0.88,09:10,49,09:59
220,2026-05-25,TCS,IT,RSI,Bullish,3701,3600.49,67,-6734.17,Confidence,No Mistake,3647.42,3789.34,53.58,88.34,1.65,Low,Yes,Loss,-2.72,14:12,207,17:39
221,2025-10-31,ICICIBANK,Banking,RSI,sideways,4447,4261.05,29,-5392.55,Fear,Early Exit,4398.51,4600.31,48.49,153.31,3.16,Medium,No,Loss,-4.18,12:20,19,12:39
222,2025-06-08,RELIANCE,Energy,MACD,Bearish,4294,4287.64,92,-585.12,Fear,No Mistake,4249.96,4406.19,44.04,112.19,2.55,Medium,Yes,Loss,-0.15,12:08,156,14:44
223,2025-09-22,HDFCBANK,Banking,MACD,sideways,4651,4588.64,26,-1621.36,Fear,Early Exit,4601.38,4895.91,49.62,244.91,4.94,Medium,Yes,Loss,-1.34,11:28,27,11:55
224,2025-08-04,HDFCBANK,Banking,MACD,Bullish,3758,3810.42,48,2516.16,Fear,No Mistake,3664.26,3879.38,93.74,121.38,1.29,High,Yes,Win,1.39,10:56,16,11:12
225,2026-05-09,RELIANCE,Energy,BREAKOUT,sideways,2313,2373.93,53,3229.29,Confidence,Late Entry,2269.69,2368.87,43.31,55.87,1.29,High,Yes,Win,2.63,10:37,182,13:39
226,2025-08-30,INFY,IT,MACD,Volatile,2510,2491.35,50,-932.5,Confidence,No Mistake,2448.61,2649.07,61.39,139.07,2.27,High,Yes,Loss,-0.74,11:32,104,13:16
227,2026-03-27,INFY,IT,BREAKOUT,Volatile,1229,1274.75,95,4346.25,Greed,No Mistake,1206.32,1272.47,22.68,43.47,1.92,Low,No,Win,3.72,14:12,192,17:24
228,2025-07-10,TCS,IT,MACD,Bullish,4138,4070.48,74,-4996.48,Fear,Early Exit,4050.35,4358.19,87.65,220.19,2.51,Low,Yes,Loss,-1.63,12:13,163,14:56
229,2026-03-31,RELIANCE,Energy,RSI,sideways,4798,4586.95,68,-14351.4,Confidence,No Mistake,4681.67,5003.98,116.33,205.98,1.77,High,Yes,Loss,-4.4,13:53,196,17:09
230,2026-01-28,ICICIBANK,Banking,BREAKOUT,Bearish,4364,4327.83,34,-1229.78,Fear,Early Exit,4303.78,4545.64,60.22,181.64,3.02,Medium,Yes,Loss,-0.83,14:54,16,15:10
231,2026-01-03,ICICIBANK,Banking,RSI,Bearish,1889,1861.32,39,-1079.52,Greed,Overtrading,1850.26,1950.56,38.74,61.56,1.59,High,Yes,Loss,-1.47,09:21,200,12:41
232,2026-03-04,INFY,IT,RSI,Volatile,4107,4038.68,92,-6285.44,Greed,Overtrading,4027.72,4255.2,79.28,148.2,1.87,Low,Yes,Loss,-1.66,11:13,169,14:02
233,2026-05-25,TCS,IT,RSI,Volatile,4538,4380.32,55,-8672.4,Confidence,No Mistake,4407.4,4683.93,130.6,145.93,1.12,High,Yes,Loss,-3.47,12:02,18,12:20
234,2025-08-06,INFY,IT,RSI,Bearish,2074,2037.45,74,-2704.7,Greed,Overtrading,2050.47,2118.98,23.53,44.98,1.91,Medium,Yes,Loss,-1.76,10:38,56,11:34
235,2025-10-24,INFY,IT,RSI,sideways,1512,1504.24,33,-256.08,Fear,No Mistake,1486.47,1556.28,25.53,44.28,1.73,Medium,No,Loss,-0.51,14:54,107,16:41
236,2026-03-22,RELIANCE,Energy,MACD,sideways,1023,1072.12,42,2063.04,Greed,Overtrading,1010.53,1054.47,12.47,31.47,2.52,High,Yes,Win,4.8,14:44,79,16:03
237,2026-04-14,TCS,IT,RSI,Bearish,1501,1517.64,58,965.12,Confidence,No Mistake,1467.98,1564.84,33.02,63.84,1.93,Low,Yes,Win,1.11,13:37,123,15:40
238,2025-07-17,HDFCBANK,Banking,MACD,Volatile,4279,4066.89,40,-8484.4,Fear,Early Exit,4164.23,4380.34,114.77,101.34,0.88,Low,Yes,Loss,-4.96,12:41,140,15:01
239,2026-04-15,ICICIBANK,Banking,MACD,sideways,2831,2853.61,58,1311.38,Fear,Early Exit,2758.06,2980.89,72.94,149.89,2.05,Medium,Yes,Win,0.8,13:38,167,16:25
240,2025-08-10,TCS,IT,BREAKOUT,sideways,2542,2532.21,24,-234.96,Fear,No Mistake,2496.64,2645.85,45.36,103.85,2.29,Medium,Yes,Loss,-0.39,12:32,205,15:57
241,2025-07-23,HDFCBANK,Banking,BREAKOUT,Volatile,2204,2259.84,42,2345.28,Confidence,Late Entry,2158.91,2279.77,45.09,75.77,1.68,Medium,Yes,Win,2.53,09:13,38,09:51
242,2025-08-04,TCS,IT,BREAKOUT,Volatile,2690,2626.36,64,-4072.96,Confidence,No Mistake,2660.67,2771.1,29.33,81.1,2.77,High,Yes,Loss,-2.37,09:19,79,10:38
243,2026-01-13,RELIANCE,Energy,MACD,Bullish,1420,1385.96,27,-919.08,Confidence,No Mistake,1398.96,1499.13,21.04,79.13,3.76,Medium,Yes,Loss,-2.4,09:25,177,12:22
244,2025-12-19,TCS,IT,BREAKOUT,Volatile,3373,3504.61,11,1447.71,Greed,No Mistake,3274.37,3487.18,98.63,114.18,1.16,Medium,Yes,Win,3.9,14:25,190,17:35
245,2026-01-24,HDFCBANK,Banking,BREAKOUT,sideways,1426,1433.56,87,657.72,Confidence,Late Entry,1395.86,1492.67,30.14,66.67,2.21,Low,Yes,Win,0.53,10:48,110,12:38
246,2026-06-05,INFY,IT,BREAKOUT,Bullish,2661,2553.13,41,-4422.67,Fear,Early Exit,2622.59,2721.91,38.41,60.91,1.59,Medium,Yes,Loss,-4.05,09:39,104,11:23
247,2025-08-08,INFY,IT,MACD,Bullish,3586,3447.75,70,-9677.5,Fear,Early Exit,3481.56,3716.99,104.44,130.99,1.25,High,No,Loss,-3.86,10:47,74,12:01
248,2026-03-10,HDFCBANK,Banking,RSI,sideways,4926,5156.89,20,4617.8,Greed,No Mistake,4842.53,5165.55,83.47,239.55,2.87,Medium,Yes,Win,4.69,14:14,210,17:44
249,2025-10-06,TCS,IT,RSI,Bullish,2651,2561.56,82,-7334.08,Greed,No Mistake,2600.18,2793.04,50.82,142.04,2.79,High,Yes,Loss,-3.37,13:21,96,14:57
250,2025-08-30,TCS,IT,BREAKOUT,Bullish,2479,2365.07,34,-3873.62,Fear,Early Exit,2434.03,2623.06,44.97,144.06,3.2,Low,Yes,Loss,-4.6,12:44,138,15:02
251,2025-12-27,ICICIBANK,Banking,BREAKOUT,Volatile,3328,3393.43,24,1570.32,Confidence,No Mistake,3277.1,3428.96,50.9,100.96,1.98,Low,Yes,Win,1.97,12:29,157,15:06
252,2025-11-02,TCS,IT,BREAKOUT,sideways,4895,4880.66,92,-1319.28,Greed,Overtrading,4783.18,5164.54,111.82,269.54,2.41,Low,Yes,Loss,-0.29,14:39,38,15:17
253,2025-10-30,ICICIBANK,Banking,BREAKOUT,Bearish,2298,2189.52,75,-8136.0,Greed,No Mistake,2262.51,2365.93,35.49,67.93,1.91,High,Yes,Loss,-4.72,14:15,228,18:03
254,2025-12-24,INFY,IT,BREAKOUT,sideways,4744,4906.18,73,11839.14,Fear,No Mistake,4635.49,4989.05,108.51,245.05,2.26,Medium,No,Win,3.42,09:12,109,11:01
255,2025-09-05,TCS,IT,MACD,Bearish,3642,3808.64,60,9998.4,Fear,No Mistake,3569.64,3807.46,72.36,165.46,2.29,Medium,Yes,Win,4.58,12:21,139,14:40
256,2026-05-15,RELIANCE,Energy,MACD,Bearish,3251,3394.22,55,7877.1,Greed,No Mistake,3156.52,3316.2,94.48,65.2,0.69,Low,Yes,Win,4.41,09:41,94,11:15
257,2025-08-17,ICICIBANK,Banking,RSI,Volatile,4691,4593.81,63,-6122.97,Fear,No Mistake,4570.78,4823.8,120.22,132.8,1.1,Medium,Yes,Loss,-2.07,14:12,147,16:39
258,2025-09-16,INFY,IT,BREAKOUT,sideways,3916,3742.36,29,-5035.56,Confidence,No Mistake,3808.03,4088.69,107.97,172.69,1.6,Low,Yes,Loss,-4.43,09:14,121,11:15
259,2026-03-04,TCS,IT,BREAKOUT,Volatile,4148,4115.08,83,-2732.36,Greed,No Mistake,4055.24,4253.19,92.76,105.19,1.13,High,Yes,Loss,-0.79,14:48,201,18:09
260,2026-05-05,ICICIBANK,Banking,BREAKOUT,Bearish,4291,4363.01,58,4176.58,Fear,Early Exit,4178.38,4477.7,112.62,186.7,1.66,High,Yes,Win,1.68,12:53,109,14:42
261,2025-10-02,INFY,IT,MACD,sideways,4846,4941.72,20,1914.4,Greed,Overtrading,4739.32,5059.43,106.68,213.43,2.0,High,Yes,Win,1.98,14:03,142,16:25
262,2025-10-24,RELIANCE,Energy,MACD,Bearish,4367,4411.09,81,3571.29,Fear,No Mistake,4292.08,4469.21,74.92,102.21,1.36,High,Yes,Win,1.01,13:15,73,14:28
263,2025-11-13,HDFCBANK,Banking,MACD,sideways,2592,2715.8,14,1733.2,Fear,No Mistake,2524.78,2729.21,67.22,137.21,2.04,Low,No,Win,4.78,13:57,179,16:56
264,2026-04-23,RELIANCE,Energy,BREAKOUT,Bullish,2895,2842.2,99,-5227.2,Confidence,Late Entry,2842.27,3056.23,52.73,161.23,3.06,Medium,Yes,Loss,-1.82,12:27,201,15:48
265,2025-06-12,ICICIBANK,Banking,MACD,sideways,2521,2465.34,38,-2115.08,Greed,No Mistake,2472.94,2643.38,48.06,122.38,2.55,Medium,No,Loss,-2.21,13:24,39,14:03
266,2026-03-05,TCS,IT,MACD,sideways,3920,3759.55,56,-8985.2,Greed,Overtrading,3822.07,4152.51,97.93,232.51,2.37,Medium,No,Loss,-4.09,12:18,43,13:01
267,2025-12-10,INFY,IT,BREAKOUT,Bearish,2117,2034.07,93,-7712.49,Fear,Early Exit,2071.05,2230.94,45.95,113.94,2.48,High,Yes,Loss,-3.92,12:34,73,13:47
268,2025-12-29,RELIANCE,Energy,RSI,Volatile,3483,3635.12,19,2890.28,Greed,Overtrading,3416.64,3584.33,66.36,101.33,1.53,Medium,Yes,Win,4.37,13:42,118,15:40
269,2026-02-12,INFY,IT,RSI,Bearish,4394,4278.81,16,-1843.04,Fear,Early Exit,4317.83,4591.2,76.17,197.2,2.59,Medium,Yes,Loss,-2.62,12:01,64,13:05
270,2026-05-03,ICICIBANK,Banking,BREAKOUT,Volatile,3126,3167.29,74,3055.46,Greed,Overtrading,3056.18,3286.85,69.82,160.85,2.3,Medium,Yes,Win,1.32,14:05,17,14:22
271,2026-03-09,RELIANCE,Energy,RSI,sideways,4323,4442.58,32,3826.56,Greed,No Mistake,4265.26,4563.85,57.74,240.85,4.17,Medium,Yes,Win,2.77,13:38,176,16:34
272,2025-10-15,TCS,IT,MACD,sideways,4960,5186.1,99,22383.9,Fear,Early Exit,4843.31,5118.72,116.69,158.72,1.36,Medium,Yes,Win,4.56,10:33,28,11:01
273,2026-04-06,RELIANCE,Energy,RSI,Bearish,3586,3547.98,29,-1102.58,Confidence,No Mistake,3502.85,3770.37,83.15,184.37,2.22,Medium,No,Loss,-1.06,14:45,165,17:30
274,2025-09-26,INFY,IT,RSI,Bullish,3821,3896.29,34,2559.86,Greed,Overtrading,3743.72,3929.6,77.28,108.6,1.41,Medium,Yes,Win,1.97,13:33,57,14:30
275,2025-10-24,TCS,IT,BREAKOUT,Volatile,4877,4888.77,83,976.91,Greed,No Mistake,4796.92,5012.56,80.08,135.56,1.69,Low,Yes,Win,0.24,09:38,235,13:33
276,2025-12-29,ICICIBANK,Banking,MACD,Volatile,2962,2885.77,86,-6555.78,Confidence,Late Entry,2905.77,3084.84,56.23,122.84,2.18,Medium,Yes,Loss,-2.57,14:12,202,17:34
277,2026-05-27,INFY,IT,BREAKOUT,Bearish,2166,2265.11,74,7334.14,Greed,No Mistake,2130.14,2245.67,35.86,79.67,2.22,Medium,Yes,Win,4.58,12:11,239,16:10
278,2025-12-17,TCS,IT,BREAKOUT,Bullish,2661,2607.54,31,-1657.26,Greed,No Mistake,2610.65,2778.8,50.35,117.8,2.34,Low,Yes,Loss,-2.01,11:20,158,13:58
279,2025-07-15,ICICIBANK,Banking,BREAKOUT,sideways,1985,1986.75,63,110.25,Fear,No Mistake,1929.5,2097.1,55.5,112.1,2.02,Medium,Yes,Win,0.09,12:53,206,16:19
280,2025-10-29,HDFCBANK,Banking,MACD,Volatile,3772,3852.64,94,7580.16,Greed,Overtrading,3715.84,3982.46,56.16,210.46,3.75,Medium,Yes,Win,2.14,11:33,152,14:05
281,2026-04-19,HDFCBANK,Banking,MACD,Bullish,4372,4579.69,49,10176.81,Fear,Early Exit,4276.7,4608.36,95.3,236.36,2.48,Medium,Yes,Win,4.75,11:16,129,13:25
282,2026-05-17,RELIANCE,Energy,BREAKOUT,Bearish,4736,4971.09,42,9873.78,Greed,Overtrading,4649.43,5017.1,86.57,281.1,3.25,High,Yes,Win,4.96,10:08,38,10:46
283,2025-12-11,RELIANCE,Energy,MACD,Bullish,4029,4170.61,99,14019.39,Confidence,No Mistake,3967.82,4166.08,61.18,137.08,2.24,Medium,Yes,Win,3.51,10:52,153,13:25
284,2025-08-26,HDFCBANK,Banking,MACD,Volatile,4274,4213.06,55,-3351.7,Greed,Overtrading,4173.63,4367.91,100.37,93.91,0.94,Low,Yes,Loss,-1.43,09:22,180,12:22
285,2026-01-16,TCS,IT,MACD,Bullish,1492,1534.4,11,466.4,Fear,No Mistake,1453.23,1554.88,38.77,62.88,1.62,High,Yes,Win,2.84,09:38,45,10:23
286,2026-04-02,ICICIBANK,Banking,RSI,Bullish,1907,1921.75,32,472.0,Fear,Early Exit,1857.69,1952.13,49.31,45.13,0.92,High,Yes,Win,0.77,09:10,139,11:29
287,2025-09-20,INFY,IT,MACD,Bullish,3715,3619.18,22,-2108.04,Greed,No Mistake,3611.35,3815.56,103.65,100.56,0.97,Medium,No,Loss,-2.58,12:43,47,13:30
288,2025-08-10,RELIANCE,Energy,RSI,Volatile,4551,4573.45,89,1998.05,Fear,No Mistake,4494.6,4729.77,56.4,178.77,3.17,Medium,No,Win,0.49,11:48,119,13:47
289,2025-10-02,ICICIBANK,Banking,MACD,Volatile,1078,1110.61,74,2413.14,Confidence,Late Entry,1060.41,1126.63,17.59,48.63,2.76,Medium,No,Win,3.03,14:43,95,16:18
290,2026-01-19,TCS,IT,BREAKOUT,Volatile,4909,4668.94,29,-6961.74,Greed,Overtrading,4787.76,5044.75,121.24,135.75,1.12,Low,Yes,Loss,-4.89,13:23,172,16:15
291,2025-12-14,ICICIBANK,Banking,RSI,Bullish,1865,1785.02,32,-2559.36,Fear,No Mistake,1839.2,1953.05,25.8,88.05,3.41,Medium,Yes,Loss,-4.29,11:44,6,11:50
292,2026-02-22,INFY,IT,MACD,Bearish,2663,2572.01,22,-2001.78,Greed,Overtrading,2606.86,2800.04,56.14,137.04,2.44,High,Yes,Loss,-3.42,10:38,59,11:37
293,2025-08-02,RELIANCE,Energy,RSI,Volatile,3542,3697.42,37,5750.54,Confidence,No Mistake,3501.06,3719.15,40.94,177.15,4.33,High,Yes,Win,4.39,12:27,50,13:17
294,2025-10-13,TCS,IT,BREAKOUT,Bullish,4945,4986.89,31,1298.59,Greed,No Mistake,4888.51,5078.55,56.49,133.55,2.36,Medium,No,Win,0.85,09:20,53,10:13
295,2026-02-02,ICICIBANK,Banking,BREAKOUT,Bullish,2144,2105.94,60,-2283.6,Confidence,No Mistake,2096.01,2208.87,47.99,64.87,1.35,Medium,No,Loss,-1.78,12:08,141,14:29
296,2025-09-04,TCS,IT,RSI,Volatile,3409,3567.29,68,10763.72,Fear,Early Exit,3312.26,3556.66,96.74,147.66,1.53,Low,No,Win,4.64,12:50,235,16:45
297,2025-07-05,TCS,IT,BREAKOUT,Bearish,2947,2862.38,62,-5246.44,Confidence,No Mistake,2895.06,3106.0,51.94,159.0,3.06,Medium,Yes,Loss,-2.87,10:37,171,13:28
298,2025-10-26,INFY,IT,MACD,Bullish,2573,2630.95,11,637.45,Fear,No Mistake,2541.7,2713.45,31.3,140.45,4.49,Medium,Yes,Win,2.25,13:04,212,16:36
299,2026-03-12,ICICIBANK,Banking,RSI,sideways,4206,4152.91,46,-2442.14,Fear,Early Exit,4086.24,4385.81,119.76,179.81,1.5,Medium,No,Loss,-1.26,12:00,133,14:13
300,2025-06-10,ICICIBANK,Banking,MACD,Bullish,2490,2502.65,73,923.45,Confidence,No Mistake,2422.04,2582.31,67.96,92.31,1.36,High,Yes,Win,0.51,11:48,233,15:41
301,2025-08-06,INFY,IT,BREAKOUT,Bearish,4723,4893.76,54,9221.04,Greed,Overtrading,4663.28,4873.71,59.72,150.71,2.52,High,No,Win,3.62,13:58,53,14:51
302,2025-08-21,RELIANCE,Energy,RSI,Bearish,4831,4847.37,62,1014.94,Confidence,No Mistake,4693.65,5068.12,137.35,237.12,1.73,High,No,Win,0.34,13:05,45,13:50
303,2026-01-28,RELIANCE,Energy,RSI,Bearish,3745,3568.01,24,-4247.76,Fear,No Mistake,3685.35,3927.27,59.65,182.27,3.06,High,No,Loss,-4.73,12:06,139,14:25
304,2026-06-01,TCS,IT,RSI,Volatile,1252,1241.16,83,-899.72,Confidence,Late Entry,1224.24,1309.2,27.76,57.2,2.06,Medium,Yes,Loss,-0.87,09:24,41,10:05
305,2026-03-02,INFY,IT,RSI,Volatile,3998,4037.07,47,1836.29,Fear,Early Exit,3929.68,4119.66,68.32,121.66,1.78,Medium,Yes,Win,0.98,13:15,236,17:11
306,2025-07-22,TCS,IT,MACD,sideways,3668,3619.36,40,-1945.6,Fear,Early Exit,3604.3,3879.57,63.7,211.57,3.32,Low,Yes,Loss,-1.33,14:25,98,16:03
307,2025-09-16,RELIANCE,Energy,RSI,Volatile,4516,4295.92,87,-19146.96,Fear,No Mistake,4458.37,4767.34,57.63,251.34,4.36,High,Yes,Loss,-4.87,14:56,224,18:40
308,2025-06-21,TCS,IT,MACD,Volatile,4918,5131.68,48,10256.64,Confidence,No Mistake,4770.88,5055.48,147.12,137.48,0.93,High,Yes,Win,4.34,13:29,8,13:37
309,2026-04-02,RELIANCE,Energy,MACD,Volatile,4247,4228.35,78,-1454.7,Fear,No Mistake,4149.66,4487.39,97.34,240.39,2.47,Medium,Yes,Loss,-0.44,10:36,111,12:27
310,2026-01-04,INFY,IT,BREAKOUT,Bullish,3385,3340.52,99,-4403.52,Confidence,No Mistake,3349.37,3498.75,35.63,113.75,3.19,High,Yes,Loss,-1.31,14:04,220,17:44
311,2025-10-28,HDFCBANK,Banking,RSI,Bullish,3366,3512.86,80,11748.8,Greed,Overtrading,3327.08,3547.52,38.92,181.52,4.66,Medium,No,Win,4.36,13:23,120,15:23
312,2025-06-24,INFY,IT,BREAKOUT,Volatile,1356,1419.76,41,2614.16,Confidence,No Mistake,1324.09,1403.79,31.91,47.79,1.5,Medium,Yes,Win,4.7,09:12,190,12:22
313,2026-06-03,RELIANCE,Energy,MACD,sideways,2866,2786.39,38,-3025.18,Confidence,No Mistake,2818.78,3010.78,47.22,144.78,3.07,High,Yes,Loss,-2.78,13:48,25,14:13
314,2025-07-28,ICICIBANK,Banking,BREAKOUT,Bullish,2123,2166.67,68,2969.56,Greed,Overtrading,2085.52,2237.28,37.48,114.28,3.05,Medium,Yes,Win,2.06,13:10,147,15:37
315,2025-10-21,ICICIBANK,Banking,BREAKOUT,Bearish,3870,4048.58,63,11250.54,Greed,No Mistake,3764.54,4033.23,105.46,163.23,1.55,Low,No,Win,4.61,10:17,217,13:54
316,2025-11-10,ICICIBANK,Banking,MACD,Bearish,1100,1073.93,22,-573.54,Greed,Overtrading,1067.96,1162.93,32.04,62.93,1.96,Medium,Yes,Loss,-2.37,13:58,232,17:50
317,2026-03-06,RELIANCE,Energy,RSI,Bullish,1832,1884.23,21,1096.83,Fear,Early Exit,1805.89,1913.72,26.11,81.72,3.13,Medium,Yes,Win,2.85,12:59,136,15:15
318,2026-03-16,RELIANCE,Energy,BREAKOUT,sideways,4513,4424.86,57,-5023.98,Fear,Early Exit,4417.31,4684.66,95.69,171.66,1.79,Medium,No,Loss,-1.95,11:21,16,11:37
319,2025-08-19,HDFCBANK,Banking,BREAKOUT,Volatile,1101,1085.14,90,-1427.4,Fear,Early Exit,1081.48,1151.77,19.52,50.77,2.6,Medium,Yes,Loss,-1.44,11:50,42,12:32
320,2026-03-27,INFY,IT,BREAKOUT,Bullish,3281,3198.55,19,-1566.55,Greed,No Mistake,3199.02,3447.7,81.98,166.7,2.03,Medium,Yes,Loss,-2.51,09:05,43,09:48
321,2025-10-07,INFY,IT,RSI,sideways,4017,4094.16,26,2006.16,Greed,Overtrading,3923.93,4226.45,93.07,209.45,2.25,High,Yes,Win,1.92,13:00,228,16:48
322,2026-05-03,ICICIBANK,Banking,BREAKOUT,Volatile,4396,4390.63,18,-96.66,Confidence,No Mistake,4290.17,4631.53,105.83,235.53,2.23,High,Yes,Loss,-0.12,14:00,183,17:03
323,2026-04-13,HDFCBANK,Banking,RSI,Bullish,1429,1405.8,44,-1020.8,Greed,Overtrading,1403.65,1509.23,25.35,80.23,3.16,Medium,Yes,Loss,-1.62,11:13,215,14:48
324,2026-03-02,ICICIBANK,Banking,RSI,Volatile,4720,4743.97,15,359.55,Confidence,No Mistake,4621.54,4842.16,98.46,122.16,1.24,Low,Yes,Win,0.51,13:00,230,16:50
325,2026-05-05,RELIANCE,Energy,BREAKOUT,Bearish,2892,2893.96,86,168.56,Greed,Overtrading,2825.81,3009.4,66.19,117.4,1.77,Medium,Yes,Win,0.07,11:40,118,13:38
326,2026-04-20,TCS,IT,BREAKOUT,sideways,4754,4710.66,53,-2297.02,Greed,Overtrading,4702.04,4922.82,51.96,168.82,3.25,Medium,Yes,Loss,-0.91,12:10,216,15:46
327,2026-04-20,INFY,IT,RSI,Bearish,4400,4240.12,25,-3997.0,Greed,Overtrading,4287.48,4661.34,112.52,261.34,2.32,High,Yes,Loss,-3.63,10:54,90,12:24
328,2026-05-15,HDFCBANK,Banking,BREAKOUT,sideways,3031,3096.0,17,1105.0,Greed,Overtrading,2945.24,3101.79,85.76,70.79,0.83,Medium,Yes,Win,2.14,11:07,211,14:38
329,2025-06-28,TCS,IT,BREAKOUT,Bearish,4356,4321.13,27,-941.49,Fear,No Mistake,4227.64,4568.82,128.36,212.82,1.66,High,Yes,Loss,-0.8,14:08,36,14:44
330,2026-03-03,TCS,IT,MACD,Volatile,3772,3880.95,54,5883.3,Greed,Overtrading,3665.74,3875.97,106.26,103.97,0.98,Medium,Yes,Win,2.89,11:47,116,13:43
331,2026-02-11,RELIANCE,Energy,BREAKOUT,sideways,2791,2745.65,96,-4353.6,Confidence,No Mistake,2744.89,2934.2,46.11,143.2,3.11,High,Yes,Loss,-1.62,09:03,139,11:22
332,2026-05-15,INFY,IT,BREAKOUT,Bullish,2263,2344.74,82,6702.68,Fear,No Mistake,2220.04,2397.35,42.96,134.35,3.13,Medium,Yes,Win,3.61,10:24,79,11:43
333,2025-07-30,RELIANCE,Energy,BREAKOUT,Bearish,3656,3492.84,25,-4079.0,Fear,No Mistake,3617.13,3815.19,38.87,159.19,4.1,Medium,Yes,Loss,-4.46,10:06,64,11:10
334,2025-07-15,RELIANCE,Energy,BREAKOUT,Volatile,2444,2430.86,60,-788.4,Greed,No Mistake,2372.5,2572.34,71.5,128.34,1.79,Medium,Yes,Loss,-0.54,09:00,200,12:20
335,2025-12-06,TCS,IT,RSI,sideways,2504,2550.86,38,1780.68,Confidence,Late Entry,2468.4,2577.76,35.6,73.76,2.07,Medium,No,Win,1.87,10:54,128,13:02
336,2025-12-16,TCS,IT,BREAKOUT,sideways,1865,1779.59,49,-4185.09,Fear,No Mistake,1810.57,1922.8,54.43,57.8,1.06,High,Yes,Loss,-4.58,09:13,32,09:45
337,2026-04-14,RELIANCE,Energy,BREAKOUT,Bullish,1391,1325.41,82,-5378.38,Greed,No Mistake,1356.94,1456.02,34.06,65.02,1.91,Medium,Yes,Loss,-4.72,11:47,36,12:23
338,2026-05-30,INFY,IT,RSI,Bullish,4893,5129.94,51,12083.94,Confidence,No Mistake,4752.89,5086.07,140.11,193.07,1.38,Low,Yes,Win,4.84,10:34,173,13:27
339,2025-08-28,INFY,IT,MACD,Bullish,1068,1070.88,75,216.0,Confidence,Late Entry,1054.98,1130.64,13.02,62.64,4.81,Low,Yes,Win,0.27,10:32,201,13:53
340,2026-01-23,RELIANCE,Energy,BREAKOUT,Bullish,3880,3946.22,87,5761.14,Confidence,Late Entry,3814.55,4103.57,65.45,223.57,3.42,High,No,Win,1.71,12:50,116,14:46
341,2025-09-17,ICICIBANK,Banking,RSI,Bullish,4693,4762.02,55,3796.1,Greed,Overtrading,4594.78,4809.38,98.22,116.38,1.18,Low,Yes,Win,1.47,14:03,6,14:09
342,2025-12-27,RELIANCE,Energy,RSI,Bearish,2802,2873.57,41,2934.37,Fear,Early Exit,2764.71,2957.09,37.29,155.09,4.16,High,Yes,Win,2.55,12:06,117,14:03
343,2026-05-17,HDFCBANK,Banking,MACD,sideways,3206,3291.39,30,2561.7,Confidence,No Mistake,3123.82,3388.0,82.18,182.0,2.21,Medium,Yes,Win,2.66,11:27,9,11:36
344,2025-11-25,HDFCBANK,Banking,RSI,sideways,4962,4747.37,76,-16311.88,Confidence,Late Entry,4874.16,5243.58,87.84,281.58,3.21,Medium,Yes,Loss,-4.33,11:24,153,13:57
345,2025-12-04,RELIANCE,Energy,MACD,sideways,1746,1809.39,69,4373.91,Fear,Early Exit,1707.85,1808.43,38.15,62.43,1.64,Medium,Yes,Win,3.63,14:53,134,17:07
346,2025-11-16,ICICIBANK,Banking,BREAKOUT,Volatile,3634,3659.63,39,999.57,Greed,Overtrading,3596.06,3844.91,37.94,210.91,5.56,Medium,Yes,Win,0.71,12:22,48,13:10
347,2026-02-03,INFY,IT,MACD,Bullish,4032,4073.29,70,2890.3,Fear,No Mistake,3981.64,4232.87,50.36,200.87,3.99,High,Yes,Win,1.02,12:02,137,14:19
348,2026-01-03,ICICIBANK,Banking,MACD,Volatile,1507,1441.18,91,-5989.62,Fear,Early Exit,1470.97,1546.17,36.03,39.17,1.09,Low,No,Loss,-4.37,13:52,89,15:21
349,2025-07-25,TCS,IT,RSI,Bearish,3286,3426.59,79,11106.61,Greed,Overtrading,3188.48,3363.93,97.52,77.93,0.8,Medium,Yes,Win,4.28,14:27,63,15:30
350,2026-03-28,INFY,IT,MACD,Bullish,2314,2379.55,12,786.6,Confidence,No Mistake,2245.03,2437.8,68.97,123.8,1.79,Medium,No,Win,2.83,11:27,238,15:25
351,2026-01-31,ICICIBANK,Banking,RSI,sideways,2827,2797.37,58,-1718.54,Fear,Early Exit,2743.6,2972.9,83.4,145.9,1.75,Low,Yes,Loss,-1.05,12:52,210,16:22
352,2026-01-07,INFY,IT,BREAKOUT,Volatile,2152,2052.45,84,-8362.2,Confidence,No Mistake,2103.32,2254.72,48.68,102.72,2.11,High,Yes,Loss,-4.63,13:40,91,15:11
353,2025-07-24,RELIANCE,Energy,BREAKOUT,Volatile,3232,3267.89,90,3230.1,Confidence,No Mistake,3156.89,3305.65,75.11,73.65,0.98,Medium,Yes,Win,1.11,14:49,63,15:52
354,2026-02-09,ICICIBANK,Banking,MACD,Bearish,2677,2625.28,74,-3827.28,Confidence,Late Entry,2634.21,2794.82,42.79,117.82,2.75,Medium,No,Loss,-1.93,09:14,101,10:55
355,2026-05-16,RELIANCE,Energy,MACD,Volatile,2275,2324.39,29,1432.31,Fear,No Mistake,2234.88,2409.11,40.12,134.11,3.34,High,Yes,Win,2.17,10:15,230,14:05
356,2026-06-03,ICICIBANK,Banking,MACD,Volatile,3442,3480.68,70,2707.6,Greed,Overtrading,3363.02,3520.59,78.98,78.59,1.0,Medium,No,Win,1.12,09:56,196,13:12
357,2026-01-16,ICICIBANK,Banking,MACD,sideways,1739,1819.99,37,2996.63,Confidence,No Mistake,1708.46,1827.3,30.54,88.3,2.89,High,Yes,Win,4.66,11:09,151,13:40
358,2025-06-08,TCS,IT,MACD,Bullish,4802,4661.93,57,-7983.99,Greed,No Mistake,4697.75,4958.81,104.25,156.81,1.5,High,Yes,Loss,-2.92,11:26,128,13:34
359,2025-10-20,TCS,IT,RSI,Bearish,3076,3225.72,51,7635.72,Confidence,No Mistake,3044.04,3236.74,31.96,160.74,5.03,Medium,No,Win,4.87,13:28,193,16:41
360,2025-08-25,INFY,IT,BREAKOUT,Bearish,4643,4621.81,46,-974.74,Fear,Early Exit,4560.84,4736.04,82.16,93.04,1.13,Medium,Yes,Loss,-0.46,14:37,161,17:18
361,2025-12-25,TCS,IT,RSI,Volatile,2374,2438.48,24,1547.52,Confidence,Late Entry,2336.91,2461.15,37.09,87.15,2.35,Low,Yes,Win,2.72,13:43,31,14:14
362,2026-05-17,HDFCBANK,Banking,MACD,Bullish,2379,2310.35,19,-1304.35,Greed,Overtrading,2308.59,2492.84,70.41,113.84,1.62,Medium,Yes,Loss,-2.89,09:38,107,11:25
363,2025-12-21,RELIANCE,Energy,RSI,Bearish,4764,4697.7,76,-5038.8,Fear,Early Exit,4682.11,4959.35,81.89,195.35,2.39,High,Yes,Loss,-1.39,13:14,37,13:51
364,2026-01-18,INFY,IT,RSI,sideways,3934,3831.25,81,-8322.75,Greed,Overtrading,3840.45,4120.42,93.55,186.42,1.99,Medium,Yes,Loss,-2.61,11:28,76,12:44
365,2026-01-04,INFY,IT,RSI,sideways,2546,2541.25,30,-142.5,Confidence,No Mistake,2474.56,2660.79,71.44,114.79,1.61,High,Yes,Loss,-0.19,12:01,213,15:34
366,2025-10-10,ICICIBANK,Banking,RSI,Volatile,3812,3786.36,60,-1538.4,Greed,No Mistake,3704.79,3918.27,107.21,106.27,0.99,High,Yes,Loss,-0.67,12:27,157,15:04
367,2026-05-23,INFY,IT,BREAKOUT,sideways,1376,1370.92,62,-314.96,Confidence,Late Entry,1337.85,1438.88,38.15,62.88,1.65,Low,Yes,Loss,-0.37,13:37,15,13:52
368,2026-06-03,HDFCBANK,Banking,MACD,Bullish,2054,2070.09,10,160.9,Fear,No Mistake,2021.62,2145.63,32.38,91.63,2.83,Medium,Yes,Win,0.78,09:40,138,11:58
369,2025-12-01,INFY,IT,RSI,Bearish,3341,3308.89,82,-2633.02,Fear,No Mistake,3306.77,3514.02,34.23,173.02,5.05,High,Yes,Loss,-0.96,11:14,229,15:03
370,2026-02-10,HDFCBANK,Banking,BREAKOUT,sideways,4096,4177.16,93,7547.88,Confidence,No Mistake,4002.96,4255.87,93.04,159.87,1.72,High,Yes,Win,1.98,11:51,107,13:38
371,2026-05-03,RELIANCE,Energy,BREAKOUT,sideways,2380,2476.05,62,5955.1,Fear,Early Exit,2334.81,2509.53,45.19,129.53,2.87,Medium,Yes,Win,4.04,10:34,223,14:17
372,2026-02-01,RELIANCE,Energy,BREAKOUT,sideways,3894,3900.18,52,321.36,Fear,Early Exit,3835.0,4047.47,59.0,153.47,2.6,Medium,Yes,Win,0.16,10:22,129,12:31
373,2026-04-10,ICICIBANK,Banking,MACD,sideways,1084,1091.32,70,512.4,Greed,Overtrading,1058.0,1142.16,26.0,58.16,2.24,Medium,Yes,Win,0.68,11:06,143,13:29
374,2025-11-12,TCS,IT,BREAKOUT,Bearish,2478,2389.28,83,-7363.76,Greed,Overtrading,2446.72,2617.48,31.28,139.48,4.46,Medium,Yes,Loss,-3.58,09:47,229,13:36
375,2026-05-05,ICICIBANK,Banking,BREAKOUT,sideways,1302,1360.41,13,759.33,Confidence,No Mistake,1275.67,1337.04,26.33,35.04,1.33,Medium,Yes,Win,4.49,14:00,144,16:24
376,2025-11-22,HDFCBANK,Banking,BREAKOUT,Volatile,4941,4985.98,85,3823.3,Fear,Early Exit,4798.94,5220.46,142.06,279.46,1.97,High,Yes,Win,0.91,12:48,106,14:34
377,2025-10-14,HDFCBANK,Banking,MACD,Volatile,1974,1908.54,22,-1440.12,Fear,No Mistake,1941.34,2083.35,32.66,109.35,3.35,Low,Yes,Loss,-3.32,09:21,228,13:09
378,2025-07-29,TCS,IT,RSI,Volatile,4078,4097.32,81,1564.92,Fear,Early Exit,3965.06,4184.14,112.94,106.14,0.94,High,Yes,Win,0.47,12:06,132,14:18
379,2025-10-19,RELIANCE,Energy,RSI,Volatile,1348,1388.38,58,2342.04,Greed,No Mistake,1316.52,1388.65,31.48,40.65,1.29,Medium,Yes,Win,3.0,11:42,86,13:08
380,2025-10-24,HDFCBANK,Banking,RSI,Bearish,3634,3810.36,33,5819.88,Confidence,No Mistake,3584.21,3724.85,49.79,90.85,1.82,Medium,No,Win,4.85,10:42,191,13:53
381,2025-12-18,TCS,IT,RSI,Volatile,2599,2639.68,57,2318.76,Greed,No Mistake,2538.58,2695.21,60.42,96.21,1.59,High,Yes,Win,1.57,11:16,209,14:45
382,2025-07-18,INFY,IT,BREAKOUT,Bearish,1772,1826.43,57,3102.51,Confidence,No Mistake,1726.38,1868.1,45.62,96.1,2.11,Medium,Yes,Win,3.07,14:30,149,16:59
383,2026-04-02,ICICIBANK,Banking,MACD,Volatile,1831,1909.5,92,7222.0,Greed,Overtrading,1811.18,1938.56,19.82,107.56,5.43,High,No,Win,4.29,09:11,181,12:12
384,2025-12-02,HDFCBANK,Banking,BREAKOUT,Volatile,2882,3002.73,81,9779.13,Fear,No Mistake,2838.41,2984.56,43.59,102.56,2.35,Medium,Yes,Win,4.19,09:09,11,09:20
385,2026-03-08,RELIANCE,Energy,RSI,Bearish,2879,2965.6,50,4330.0,Fear,Early Exit,2835.42,3007.57,43.58,128.57,2.95,High,Yes,Win,3.01,12:51,91,14:22
386,2025-07-23,INFY,IT,MACD,Volatile,2575,2453.32,52,-6327.36,Greed,Overtrading,2512.34,2688.84,62.66,113.84,1.82,Medium,Yes,Loss,-4.73,10:44,195,13:59
387,2026-06-08,HDFCBANK,Banking,BREAKOUT,sideways,4366,4188.23,65,-11555.05,Confidence,No Mistake,4275.86,4485.63,90.14,119.63,1.33,High,Yes,Loss,-4.07,11:01,121,13:02
388,2025-09-01,TCS,IT,BREAKOUT,Volatile,2235,2283.81,26,1269.06,Confidence,No Mistake,2177.17,2310.37,57.83,75.37,1.3,High,No,Win,2.18,13:14,70,14:24
389,2025-08-01,RELIANCE,Energy,BREAKOUT,Bearish,4146,4049.5,48,-4632.0,Confidence,No Mistake,4067.15,4269.73,78.85,123.73,1.57,High,Yes,Loss,-2.33,09:18,130,11:28
390,2026-03-24,HDFCBANK,Banking,BREAKOUT,sideways,2244,2340.04,49,4705.96,Confidence,No Mistake,2191.46,2332.89,52.54,88.89,1.69,High,Yes,Win,4.28,14:17,185,17:22
391,2026-04-27,ICICIBANK,Banking,MACD,sideways,4515,4365.81,22,-3282.18,Greed,No Mistake,4435.95,4660.23,79.05,145.23,1.84,Medium,No,Loss,-3.3,14:27,57,15:24
392,2026-05-04,HDFCBANK,Banking,BREAKOUT,sideways,4377,4348.47,87,-2482.11,Fear,Early Exit,4311.79,4603.46,65.21,226.46,3.47,Low,Yes,Loss,-0.65,10:37,124,12:41
393,2026-03-05,HDFCBANK,Banking,BREAKOUT,Volatile,1806,1746.18,89,-5323.98,Confidence,No Mistake,1760.35,1885.2,45.65,79.2,1.73,High,Yes,Loss,-3.31,14:20,233,18:13
394,2026-06-03,HDFCBANK,Banking,MACD,Bullish,2057,2096.97,94,3757.18,Greed,Overtrading,2002.04,2126.0,54.96,69.0,1.26,Medium,No,Win,1.94,12:15,89,13:44
395,2025-10-24,ICICIBANK,Banking,MACD,Bullish,3858,3984.54,27,3416.58,Confidence,Late Entry,3813.77,3987.54,44.23,129.54,2.93,High,Yes,Win,3.28,09:57,197,13:14
396,2025-08-04,TCS,IT,BREAKOUT,Bearish,4393,4281.13,74,-8278.38,Confidence,No Mistake,4307.15,4544.52,85.85,151.52,1.76,Medium,Yes,Loss,-2.55,12:38,183,15:41
397,2025-09-19,HDFCBANK,Banking,MACD,Volatile,4006,4083.75,67,5209.25,Greed,Overtrading,3894.74,4131.82,111.26,125.82,1.13,Medium,Yes,Win,1.94,10:47,231,14:38
398,2025-09-12,TCS,IT,MACD,Bullish,2428,2357.98,84,-5881.68,Confidence,No Mistake,2367.35,2537.67,60.65,109.67,1.81,High,No,Loss,-2.88,11:04,112,12:56
399,2026-02-04,ICICIBANK,Banking,BREAKOUT,Volatile,4915,4902.93,53,-639.71,Greed,No Mistake,4860.06,5060.49,54.94,145.49,2.65,High,Yes,Loss,-0.25,10:46,38,11:24
400,2026-06-07,TCS,IT,BREAKOUT,Bearish,2850,2913.39,14,887.46,Fear,No Mistake,2774.04,2935.72,75.96,85.72,1.13,High,Yes,Win,2.22,12:26,59,13:25
401,2025-06-08,TCS,IT,MACD,Bullish,3938,3941.59,97,348.23,Confidence,No Mistake,3828.36,4048.2,109.64,110.2,1.01,Medium,Yes,Win,0.09,14:32,74,15:46
402,2026-04-14,HDFCBANK,Banking,BREAKOUT,Volatile,1068,1099.57,21,662.97,Greed,Overtrading,1050.82,1106.9,17.18,38.9,2.26,Low,Yes,Win,2.96,12:56,131,15:07
403,2026-04-21,ICICIBANK,Banking,RSI,Bearish,3661,3838.45,27,4791.15,Greed,Overtrading,3588.39,3873.44,72.61,212.44,2.93,High,Yes,Win,4.85,11:18,47,12:05
404,2026-05-11,TCS,IT,BREAKOUT,Bullish,1376,1416.67,26,1057.42,Confidence,No Mistake,1338.11,1432.63,37.89,56.63,1.49,Medium,Yes,Win,2.96,09:51,186,12:57
405,2026-04-06,HDFCBANK,Banking,RSI,Bullish,4742,4529.91,57,-12089.13,Fear,Early Exit,4671.93,4965.17,70.07,223.17,3.18,High,Yes,Loss,-4.47,11:37,148,14:05
406,2025-11-13,RELIANCE,Energy,BREAKOUT,sideways,1770,1850.73,31,2502.63,Fear,Early Exit,1721.53,1860.75,48.47,90.75,1.87,High,No,Win,4.56,09:47,47,10:34
407,2026-05-25,RELIANCE,Energy,BREAKOUT,sideways,1309,1352.42,89,3864.38,Confidence,Late Entry,1283.24,1366.48,25.76,57.48,2.23,High,Yes,Win,3.32,09:56,223,13:39
408,2025-10-31,TCS,IT,RSI,Bearish,4442,4496.3,94,5104.2,Confidence,No Mistake,4351.88,4543.08,90.12,101.08,1.12,Low,No,Win,1.22,14:34,70,15:44
409,2026-02-06,HDFCBANK,Banking,MACD,Bearish,2092,2045.26,75,-3505.5,Fear,Early Exit,2045.72,2140.06,46.28,48.06,1.04,Medium,Yes,Loss,-2.23,11:44,147,14:11
410,2025-09-01,HDFCBANK,Banking,BREAKOUT,Bullish,3041,3080.68,36,1428.48,Confidence,No Mistake,2982.91,3155.51,58.09,114.51,1.97,Medium,Yes,Win,1.3,14:59,44,15:43
411,2025-12-08,INFY,IT,MACD,Bullish,2818,2887.43,71,4929.53,Fear,No Mistake,2741.9,2895.74,76.1,77.74,1.02,Low,Yes,Win,2.46,09:38,141,11:59
412,2025-12-05,RELIANCE,Energy,MACD,Volatile,3258,3198.78,15,-888.3,Confidence,Late Entry,3204.81,3351.06,53.19,93.06,1.75,Low,Yes,Loss,-1.82,12:59,162,15:41
413,2025-08-06,ICICIBANK,Banking,BREAKOUT,sideways,3575,3727.03,46,6993.38,Greed,Overtrading,3490.64,3663.17,84.36,88.17,1.05,High,Yes,Win,4.25,10:30,212,14:02
414,2025-11-20,ICICIBANK,Banking,RSI,Bearish,2374,2295.74,43,-3365.18,Confidence,No Mistake,2345.56,2422.28,28.44,48.28,1.7,Medium,Yes,Loss,-3.3,14:46,90,16:16
415,2025-11-25,ICICIBANK,Banking,RSI,Volatile,3910,4101.19,95,18163.05,Fear,Early Exit,3825.39,4023.14,84.61,113.14,1.34,Low,Yes,Win,4.89,12:31,97,14:08
416,2026-01-07,INFY,IT,BREAKOUT,Volatile,2333,2217.43,34,-3929.38,Greed,No Mistake,2298.43,2463.58,34.57,130.58,3.78,Medium,Yes,Loss,-4.95,10:38,133,12:51
417,2025-10-17,RELIANCE,Energy,RSI,Bullish,1411,1342.77,54,-3684.42,Confidence,No Mistake,1369.11,1451.08,41.89,40.08,0.96,High,Yes,Loss,-4.84,09:59,131,12:10
418,2025-07-05,RELIANCE,Energy,MACD,Volatile,1730,1723.87,83,-508.79,Greed,Overtrading,1685.49,1773.74,44.51,43.74,0.98,High,Yes,Loss,-0.35,11:58,206,15:24
419,2026-01-10,INFY,IT,RSI,Bearish,4963,4750.72,66,-14010.48,Fear,Early Exit,4853.6,5222.78,109.4,259.78,2.37,High,No,Loss,-4.28,11:48,156,14:24
420,2026-01-24,TCS,IT,BREAKOUT,Bullish,3439,3444.92,99,586.08,Greed,Overtrading,3394.02,3613.9,44.98,174.9,3.89,Low,Yes,Win,0.17,11:27,94,13:01
421,2026-03-27,ICICIBANK,Banking,MACD,Bearish,2265,2172.27,88,-8160.24,Greed,Overtrading,2207.97,2362.06,57.03,97.06,1.7,High,Yes,Loss,-4.09,11:59,39,12:38
422,2026-01-01,HDFCBANK,Banking,MACD,Bullish,4680,4554.71,27,-3382.83,Fear,No Mistake,4570.89,4942.78,109.11,262.78,2.41,Medium,No,Loss,-2.68,11:10,202,14:32
423,2025-07-31,ICICIBANK,Banking,RSI,sideways,2859,2855.38,18,-65.16,Greed,No Mistake,2777.36,2933.93,81.64,74.93,0.92,Medium,Yes,Loss,-0.13,12:31,184,15:35
424,2026-04-11,ICICIBANK,Banking,MACD,Volatile,4561,4454.46,74,-7883.96,Confidence,No Mistake,4463.7,4673.36,97.3,112.36,1.15,Low,Yes,Loss,-2.34,11:33,74,12:47
425,2025-07-22,HDFCBANK,Banking,BREAKOUT,Bullish,2621,2529.41,93,-8517.87,Greed,Overtrading,2568.96,2774.18,52.04,153.18,2.94,High,Yes,Loss,-3.49,13:41,129,15:50
426,2026-04-12,TCS,IT,BREAKOUT,Bearish,3167,3121.0,39,-1794.0,Greed,Overtrading,3096.7,3232.09,70.3,65.09,0.93,Medium,Yes,Loss,-1.45,13:23,12,13:35
427,2026-03-08,TCS,IT,MACD,sideways,1147,1115.36,82,-2594.48,Confidence,Late Entry,1132.88,1180.64,14.12,33.64,2.38,Medium,Yes,Loss,-2.76,09:33,158,12:11
428,2026-04-12,INFY,IT,BREAKOUT,Volatile,1266,1313.78,37,1767.86,Greed,No Mistake,1251.73,1309.83,14.27,43.83,3.07,High,Yes,Win,3.77,13:17,21,13:38
429,2025-08-10,ICICIBANK,Banking,RSI,Bearish,4813,4926.97,14,1595.58,Greed,No Mistake,4724.18,5076.16,88.82,263.16,2.96,Medium,Yes,Win,2.37,14:27,229,18:16
430,2026-05-22,ICICIBANK,Banking,RSI,sideways,2642,2516.72,58,-7266.24,Fear,Early Exit,2599.71,2799.25,42.29,157.25,3.72,Medium,Yes,Loss,-4.74,09:49,52,10:41
431,2025-07-09,ICICIBANK,Banking,MACD,sideways,3468,3477.32,54,503.28,Greed,No Mistake,3405.77,3674.69,62.23,206.69,3.32,High,Yes,Win,0.27,09:20,163,12:03
432,2026-03-26,HDFCBANK,Banking,RSI,Volatile,4115,4122.88,30,236.4,Confidence,No Mistake,4043.86,4203.75,71.14,88.75,1.25,Medium,Yes,Win,0.19,14:59,200,18:19
433,2025-09-14,HDFCBANK,Banking,MACD,Bullish,1681,1735.81,75,4110.75,Fear,Early Exit,1658.24,1775.37,22.76,94.37,4.15,High,No,Win,3.26,10:13,163,12:56
434,2026-04-12,ICICIBANK,Banking,RSI,Volatile,2491,2601.45,79,8725.55,Greed,No Mistake,2438.38,2588.76,52.62,97.76,1.86,Low,Yes,Win,4.43,11:37,66,12:43
435,2025-07-24,RELIANCE,Energy,RSI,Volatile,4770,4829.92,53,3175.76,Greed,Overtrading,4667.19,4918.45,102.81,148.45,1.44,Medium,Yes,Win,1.26,11:05,134,13:19
436,2025-09-21,TCS,IT,MACD,sideways,1093,1117.45,10,244.5,Greed,Overtrading,1061.51,1118.05,31.49,25.05,0.8,Low,No,Win,2.24,12:06,104,13:50
437,2025-10-09,INFY,IT,BREAKOUT,Bearish,3247,3267.95,79,1655.05,Confidence,No Mistake,3197.89,3439.98,49.11,192.98,3.93,High,Yes,Win,0.65,10:22,141,12:43
438,2025-12-13,ICICIBANK,Banking,BREAKOUT,Bearish,2286,2200.89,78,-6638.58,Fear,No Mistake,2222.54,2400.02,63.46,114.02,1.8,High,Yes,Loss,-3.72,10:34,8,10:42
439,2026-03-16,INFY,IT,MACD,sideways,2152,2188.73,10,367.3,Greed,Overtrading,2120.21,2254.29,31.79,102.29,3.22,Medium,Yes,Win,1.71,13:24,73,14:37
440,2026-03-22,INFY,IT,BREAKOUT,Bullish,2032,2095.46,17,1078.82,Greed,Overtrading,2009.61,2090.22,22.39,58.22,2.6,Low,Yes,Win,3.12,12:45,141,15:06
441,2025-12-29,INFY,IT,BREAKOUT,sideways,1533,1601.01,60,4080.6,Confidence,No Mistake,1501.56,1579.88,31.44,46.88,1.49,Medium,Yes,Win,4.44,13:52,69,15:01
442,2025-12-10,ICICIBANK,Banking,RSI,Bearish,4758,4545.33,27,-5742.09,Confidence,No Mistake,4695.39,4904.56,62.61,146.56,2.34,High,Yes,Loss,-4.47,09:21,48,10:09
443,2026-03-11,TCS,IT,RSI,Bearish,2561,2471.87,87,-7754.31,Fear,Early Exit,2505.07,2619.62,55.93,58.62,1.05,Medium,Yes,Loss,-3.48,09:22,31,09:53
444,2025-10-23,TCS,IT,BREAKOUT,sideways,4838,4928.84,21,1907.64,Confidence,No Mistake,4773.79,5028.36,64.21,190.36,2.96,Medium,Yes,Win,1.88,10:39,21,11:00
445,2026-02-01,TCS,IT,RSI,Bullish,1272,1323.12,91,4651.92,Confidence,No Mistake,1241.62,1324.08,30.38,52.08,1.71,High,No,Win,4.02,14:02,23,14:25
446,2026-02-23,HDFCBANK,Banking,MACD,Bearish,2872,2858.5,24,-324.0,Greed,Overtrading,2840.49,2955.69,31.51,83.69,2.66,Medium,Yes,Loss,-0.47,10:35,180,13:35
447,2025-10-22,ICICIBANK,Banking,BREAKOUT,sideways,1220,1235.15,77,1166.55,Greed,No Mistake,1204.5,1267.47,15.5,47.47,3.06,Medium,Yes,Win,1.24,09:27,17,09:44
448,2026-01-13,TCS,IT,BREAKOUT,Bullish,2317,2402.59,65,5563.35,Fear,Early Exit,2278.91,2450.06,38.09,133.06,3.49,Medium,Yes,Win,3.69,11:55,101,13:36
449,2025-10-31,RELIANCE,Energy,MACD,sideways,2520,2499.14,18,-375.48,Greed,Overtrading,2493.72,2612.65,26.28,92.65,3.53,High,Yes,Loss,-0.83,10:33,175,13:28
450,2025-06-09,RELIANCE,Energy,MACD,sideways,1557,1627.24,79,5548.96,Greed,Overtrading,1539.19,1619.93,17.81,62.93,3.53,High,No,Win,4.51,13:17,133,15:30
451,2026-03-16,ICICIBANK,Banking,MACD,sideways,4486,4604.13,94,11104.22,Greed,Overtrading,4388.0,4625.4,98.0,139.4,1.42,Medium,Yes,Win,2.63,10:14,57,11:11
452,2025-12-11,HDFCBANK,Banking,BREAKOUT,sideways,2777,2649.27,90,-11495.7,Fear,Early Exit,2717.53,2836.9,59.47,59.9,1.01,High,Yes,Loss,-4.6,14:00,32,14:32
453,2025-06-19,INFY,IT,MACD,Volatile,3724,3603.79,20,-2404.2,Confidence,No Mistake,3655.14,3831.64,68.86,107.64,1.56,High,Yes,Loss,-3.23,11:17,166,14:03
454,2025-09-15,HDFCBANK,Banking,BREAKOUT,Bullish,3452,3581.53,15,1942.95,Confidence,No Mistake,3350.81,3587.24,101.19,135.24,1.34,Medium,Yes,Win,3.75,12:23,182,15:25
455,2026-01-19,RELIANCE,Energy,MACD,Bullish,1847,1858.21,95,1064.95,Greed,No Mistake,1825.99,1926.92,21.01,79.92,3.8,Low,Yes,Win,0.61,12:19,237,16:16
456,2025-09-18,INFY,IT,MACD,Bullish,3187,3258.68,95,6809.6,Fear,Early Exit,3107.56,3339.33,79.44,152.33,1.92,Medium,No,Win,2.25,09:33,170,12:23
457,2026-05-09,INFY,IT,RSI,Bearish,2209,2157.61,49,-2518.11,Greed,Overtrading,2154.89,2335.67,54.11,126.67,2.34,High,No,Loss,-2.33,11:17,47,12:04
458,2025-11-07,HDFCBANK,Banking,MACD,Bullish,3045,3074.06,54,1569.24,Confidence,No Mistake,2990.62,3225.9,54.38,180.9,3.33,Medium,Yes,Win,0.95,11:29,105,13:14
459,2026-03-06,TCS,IT,RSI,Bearish,2223,2323.15,53,5307.95,Greed,Overtrading,2165.18,2342.82,57.82,119.82,2.07,High,Yes,Win,4.51,13:51,130,16:01
460,2025-11-20,TCS,IT,MACD,Bearish,2800,2786.08,35,-487.2,Greed,No Mistake,2722.42,2959.74,77.58,159.74,2.06,Medium,Yes,Loss,-0.5,09:45,109,11:34
461,2026-02-05,ICICIBANK,Banking,BREAKOUT,Volatile,1622,1638.18,51,825.18,Greed,Overtrading,1602.15,1708.42,19.85,86.42,4.35,Medium,Yes,Win,1.0,13:07,16,13:23
462,2025-08-17,RELIANCE,Energy,MACD,Bullish,2148,2120.26,92,-2552.08,Greed,Overtrading,2118.08,2237.98,29.92,89.98,3.01,Medium,No,Loss,-1.29,10:25,32,10:57
463,2025-08-20,HDFCBANK,Banking,MACD,Bullish,4107,4218.71,97,10835.87,Greed,No Mistake,4059.39,4267.55,47.61,160.55,3.37,High,Yes,Win,2.72,14:56,52,15:48
464,2026-03-19,RELIANCE,Energy,MACD,Bearish,1046,1062.92,52,879.84,Greed,Overtrading,1033.25,1096.02,12.75,50.02,3.92,High,Yes,Win,1.62,11:08,18,11:26
465,2026-01-19,TCS,IT,BREAKOUT,Bearish,3226,3277.56,38,1959.28,Greed,Overtrading,3175.25,3291.64,50.75,65.64,1.29,Medium,Yes,Win,1.6,13:32,171,16:23
466,2026-01-14,RELIANCE,Energy,RSI,sideways,4121,4218.19,70,6803.3,Confidence,Late Entry,4070.94,4303.78,50.06,182.78,3.65,Medium,No,Win,2.36,11:05,119,13:04
467,2025-12-03,RELIANCE,Energy,BREAKOUT,Volatile,2854,2812.11,38,-1591.82,Confidence,Late Entry,2775.45,2937.63,78.55,83.63,1.06,Medium,Yes,Loss,-1.47,10:21,156,12:57
468,2025-11-20,TCS,IT,RSI,Bearish,3621,3545.89,51,-3830.61,Confidence,No Mistake,3530.76,3707.4,90.24,86.4,0.96,Medium,Yes,Loss,-2.07,11:12,111,13:03
469,2026-03-01,INFY,IT,MACD,sideways,4274,4176.28,43,-4201.96,Fear,Early Exit,4193.07,4511.35,80.93,237.35,2.93,High,Yes,Loss,-2.29,11:51,202,15:13
470,2025-11-01,HDFCBANK,Banking,RSI,Bullish,3783,3778.24,58,-276.08,Greed,Overtrading,3739.54,3962.74,43.46,179.74,4.14,High,Yes,Loss,-0.13,12:18,33,12:51
471,2025-10-09,TCS,IT,RSI,Bearish,2113,2161.52,46,2231.92,Fear,Early Exit,2086.63,2187.93,26.37,74.93,2.84,Low,No,Win,2.3,13:17,12,13:29
472,2025-10-27,RELIANCE,Energy,BREAKOUT,Bearish,4445,4569.37,44,5472.28,Greed,No Mistake,4346.41,4659.95,98.59,214.95,2.18,High,Yes,Win,2.8,09:55,84,11:19
473,2025-07-02,INFY,IT,MACD,Volatile,4065,3946.74,96,-11352.96,Greed,Overtrading,3989.66,4210.26,75.34,145.26,1.93,High,No,Loss,-2.91,13:53,197,17:10
474,2026-06-03,INFY,IT,MACD,Volatile,1511,1484.04,58,-1563.68,Fear,No Mistake,1466.02,1599.84,44.98,88.84,1.98,Low,Yes,Loss,-1.78,14:41,170,17:31
475,2025-09-10,RELIANCE,Energy,RSI,Bullish,1292,1285.28,44,-295.68,Greed,No Mistake,1264.83,1332.66,27.17,40.66,1.5,Medium,Yes,Loss,-0.52,09:40,11,09:51
476,2025-12-17,HDFCBANK,Banking,BREAKOUT,sideways,3883,3743.88,59,-8208.08,Greed,No Mistake,3802.64,4046.19,80.36,163.19,2.03,Medium,Yes,Loss,-3.58,10:26,54,11:20
477,2025-12-20,RELIANCE,Energy,RSI,Bullish,1049,1013.53,96,-3405.12,Confidence,No Mistake,1019.3,1074.02,29.7,25.02,0.84,Low,Yes,Loss,-3.38,13:40,40,14:20
478,2025-09-05,ICICIBANK,Banking,BREAKOUT,sideways,2004,1949.02,91,-5003.18,Fear,Early Exit,1957.01,2058.84,46.99,54.84,1.17,Low,Yes,Loss,-2.74,10:02,42,10:44
479,2026-04-25,ICICIBANK,Banking,BREAKOUT,Volatile,3762,3590.1,67,-11517.3,Fear,No Mistake,3660.74,3911.8,101.26,149.8,1.48,High,Yes,Loss,-4.57,13:56,70,15:06
480,2025-08-16,ICICIBANK,Banking,BREAKOUT,Bullish,2521,2413.98,52,-5565.04,Confidence,No Mistake,2495.49,2613.07,25.51,92.07,3.61,High,No,Loss,-4.25,10:04,117,12:01
481,2025-09-08,TCS,IT,MACD,Bullish,1186,1176.28,89,-865.08,Greed,Overtrading,1162.73,1219.2,23.27,33.2,1.43,Medium,Yes,Loss,-0.82,13:48,223,17:31
482,2025-08-08,HDFCBANK,Banking,RSI,Volatile,2787,2794.44,14,104.16,Confidence,No Mistake,2737.5,2867.07,49.5,80.07,1.62,Medium,Yes,Win,0.27,13:17,113,15:10
483,2026-01-06,TCS,IT,MACD,Bullish,4005,4032.1,91,2466.1,Fear,No Mistake,3946.67,4096.41,58.33,91.41,1.57,Medium,Yes,Win,0.68,09:02,22,09:24
484,2025-09-15,HDFCBANK,Banking,RSI,Volatile,4255,4289.14,18,614.52,Fear,No Mistake,4176.0,4498.79,79.0,243.79,3.09,Medium,Yes,Win,0.8,09:45,94,11:19
485,2025-07-24,HDFCBANK,Banking,MACD,Bullish,3700,3687.79,30,-366.3,Greed,No Mistake,3602.76,3901.91,97.24,201.91,2.08,Medium,Yes,Loss,-0.33,13:32,10,13:42
486,2026-01-05,INFY,IT,MACD,sideways,3388,3322.91,98,-6378.82,Greed,No Mistake,3287.14,3496.31,100.86,108.31,1.07,Medium,No,Loss,-1.92,11:48,173,14:41
487,2026-01-17,INFY,IT,RSI,Volatile,2073,2007.83,97,-6321.49,Greed,No Mistake,2012.43,2126.58,60.57,53.58,0.88,Medium,Yes,Loss,-3.14,11:35,98,13:13
488,2025-11-13,RELIANCE,Energy,MACD,Bearish,3477,3467.83,76,-696.92,Fear,No Mistake,3408.45,3670.27,68.55,193.27,2.82,Low,Yes,Loss,-0.26,14:10,22,14:32
489,2025-07-12,TCS,IT,MACD,Bullish,1911,1866.36,23,-1026.72,Greed,Overtrading,1879.84,2015.33,31.16,104.33,3.35,Medium,Yes,Loss,-2.34,09:10,165,11:55
490,2026-02-09,HDFCBANK,Banking,BREAKOUT,sideways,3869,3951.2,19,1561.8,Greed,Overtrading,3803.84,3956.11,65.16,87.11,1.34,Medium,Yes,Win,2.12,13:40,150,16:10
491,2025-11-03,HDFCBANK,Banking,RSI,sideways,1565,1562.42,89,-229.62,Greed,No Mistake,1547.29,1657.89,17.71,92.89,5.25,Low,Yes,Loss,-0.16,09:15,154,11:49
492,2025-08-06,ICICIBANK,Banking,RSI,sideways,4179,4072.49,69,-7349.19,Confidence,No Mistake,4132.46,4422.11,46.54,243.11,5.22,Medium,Yes,Loss,-2.55,13:24,146,15:50
493,2026-03-29,INFY,IT,RSI,Bearish,3305,3216.07,88,-7825.84,Greed,Overtrading,3252.25,3416.18,52.75,111.18,2.11,Medium,Yes,Loss,-2.69,14:53,8,15:01
494,2025-08-21,TCS,IT,BREAKOUT,sideways,4628,4457.56,30,-5113.2,Greed,Overtrading,4557.21,4825.74,70.79,197.74,2.79,Medium,Yes,Loss,-3.68,14:08,26,14:34
495,2026-02-04,TCS,IT,BREAKOUT,Bearish,4945,5031.58,78,6753.24,Fear,Early Exit,4863.31,5143.42,81.69,198.42,2.43,High,Yes,Win,1.75,11:20,98,12:58
496,2025-07-30,TCS,IT,BREAKOUT,Bearish,3794,3628.66,69,-11408.46,Greed,Overtrading,3693.45,3901.9,100.55,107.9,1.07,Medium,Yes,Loss,-4.36,10:55,44,11:39
497,2025-07-30,RELIANCE,Energy,MACD,sideways,3325,3342.62,78,1374.36,Greed,Overtrading,3271.37,3422.47,53.63,97.47,1.82,High,Yes,Win,0.53,10:55,220,14:35
498,2025-06-23,HDFCBANK,Banking,MACD,sideways,1085,1107.28,93,2072.04,Fear,Early Exit,1060.41,1147.35,24.59,62.35,2.54,High,No,Win,2.05,10:55,195,14:10
499,2026-02-18,ICICIBANK,Banking,BREAKOUT,Bullish,1661,1739.63,16,1258.08,Confidence,No Mistake,1625.48,1696.68,35.52,35.68,1.0,Medium,Yes,Win,4.73,13:29,200,16:49
500,2025-12-08,HDFCBANK,Banking,RSI,Bullish,4302,4400.0,96,9408.0,Confidence,Late Entry,4187.84,4423.63,114.16,121.63,1.07,Medium,Yes,Win,2.28,09:45,159,12:24
501,2025-11-15,HDFCBANK,Banking,RSI,Bullish,4218,4261.62,29,1264.98,Fear,No Mistake,4094.41,4327.0,123.59,109.0,0.88,Medium,Yes,Win,1.03,11:59,177,14:56
502,2026-02-09,TCS,IT,MACD,Volatile,1621,1549.11,51,-3666.39,Greed,No Mistake,1585.55,1683.42,35.45,62.42,1.76,Medium,Yes,Loss,-4.43,14:28,209,17:57
503,2026-04-30,RELIANCE,Energy,RSI,Bullish,3210,3195.63,96,-1379.52,Confidence,Late Entry,3164.85,3327.64,45.15,117.64,2.61,Medium,Yes,Loss,-0.45,09:55,165,12:40
504,2026-01-06,TCS,IT,MACD,Volatile,4707,4832.91,21,2644.11,Confidence,No Mistake,4626.99,4977.74,80.01,270.74,3.38,Low,Yes,Win,2.67,10:49,117,12:46
505,2026-05-09,HDFCBANK,Banking,RSI,Bearish,4137,4144.58,76,576.08,Fear,Early Exit,4092.05,4381.98,44.95,244.98,5.45,Low,Yes,Win,0.18,09:41,224,13:25
506,2025-10-28,INFY,IT,BREAKOUT,Bearish,1773,1848.38,59,4447.42,Fear,Early Exit,1734.31,1860.53,38.69,87.53,2.26,Medium,No,Win,4.25,12:55,211,16:26
507,2025-11-22,RELIANCE,Energy,BREAKOUT,Bullish,3351,3474.81,51,6314.31,Confidence,No Mistake,3274.42,3496.44,76.58,145.44,1.9,Low,Yes,Win,3.69,10:41,155,13:16
508,2025-09-28,ICICIBANK,Banking,RSI,Bearish,4541,4745.45,82,16764.9,Greed,Overtrading,4448.52,4641.34,92.48,100.34,1.08,High,Yes,Win,4.5,14:42,184,17:46
509,2025-11-11,ICICIBANK,Banking,MACD,Bullish,4043,3962.33,74,-5969.58,Greed,No Mistake,3996.7,4165.45,46.3,122.45,2.64,Low,Yes,Loss,-2.0,10:10,199,13:29
510,2026-03-26,TCS,IT,BREAKOUT,Volatile,1680,1649.06,55,-1701.7,Fear,Early Exit,1636.29,1763.82,43.71,83.82,1.92,High,Yes,Loss,-1.84,09:19,177,12:16
511,2025-12-28,TCS,IT,RSI,sideways,2072,2064.23,83,-644.91,Fear,Early Exit,2028.4,2142.33,43.6,70.33,1.61,High,No,Loss,-0.37,10:05,169,12:54
512,2026-01-01,HDFCBANK,Banking,MACD,Bullish,2863,2837.03,23,-597.31,Greed,Overtrading,2787.22,3001.22,75.78,138.22,1.82,Medium,Yes,Loss,-0.91,09:50,144,12:14
513,2025-10-23,HDFCBANK,Banking,MACD,Bearish,1262,1297.65,53,1889.45,Fear,No Mistake,1248.47,1299.09,13.53,37.09,2.74,Medium,Yes,Win,2.82,14:06,167,16:53
514,2026-01-02,HDFCBANK,Banking,BREAKOUT,Bullish,4785,4868.43,88,7341.84,Fear,No Mistake,4676.13,4893.97,108.87,108.97,1.0,Medium,Yes,Win,1.74,13:13,138,15:31
515,2025-10-08,TCS,IT,RSI,Bearish,2495,2433.12,48,-2970.24,Confidence,No Mistake,2469.86,2569.44,25.14,74.44,2.96,Low,Yes,Loss,-2.48,14:28,44,15:12
516,2026-06-05,ICICIBANK,Banking,MACD,Volatile,4438,4461.1,10,231.0,Greed,Overtrading,4387.35,4565.88,50.65,127.88,2.52,High,Yes,Win,0.52,10:55,99,12:34
517,2025-07-23,TCS,IT,BREAKOUT,sideways,3492,3378.47,52,-5903.56,Confidence,Late Entry,3394.63,3651.69,97.37,159.69,1.64,High,Yes,Loss,-3.25,09:45,220,13:25
518,2025-09-09,ICICIBANK,Banking,RSI,Bearish,3860,4004.89,23,3332.47,Fear,Early Exit,3805.6,4026.6,54.4,166.6,3.06,Medium,Yes,Win,3.75,10:25,128,12:33
519,2025-11-04,HDFCBANK,Banking,RSI,sideways,2681,2642.48,26,-1001.52,Fear,Early Exit,2615.15,2737.88,65.85,56.88,0.86,Medium,No,Loss,-1.44,11:02,177,13:59
520,2026-01-15,INFY,IT,MACD,sideways,2700,2641.32,13,-762.84,Fear,Early Exit,2641.96,2858.71,58.04,158.71,2.73,High,Yes,Loss,-2.17,09:04,93,10:37
521,2026-03-26,HDFCBANK,Banking,MACD,Bearish,2954,2896.49,85,-4888.35,Fear,Early Exit,2895.74,3112.84,58.26,158.84,2.73,Low,Yes,Loss,-1.95,11:29,221,15:10
522,2025-07-11,INFY,IT,RSI,sideways,3079,3173.48,33,3117.84,Greed,Overtrading,2995.59,3214.86,83.41,135.86,1.63,Medium,Yes,Win,3.07,10:48,78,12:06
523,2026-02-26,INFY,IT,BREAKOUT,Bullish,2448,2338.01,17,-1869.83,Confidence,No Mistake,2410.04,2565.41,37.96,117.41,3.09,High,Yes,Loss,-4.49,09:23,149,11:52
524,2026-02-28,ICICIBANK,Banking,BREAKOUT,Bearish,3465,3344.92,22,-2641.76,Greed,No Mistake,3368.88,3535.1,96.12,70.1,0.73,Medium,Yes,Loss,-3.47,14:54,173,17:47
525,2025-12-13,RELIANCE,Energy,RSI,Bullish,2390,2357.84,32,-1029.12,Fear,No Mistake,2328.42,2474.1,61.58,84.1,1.37,Medium,Yes,Loss,-1.35,14:41,54,15:35
526,2025-12-08,ICICIBANK,Banking,BREAKOUT,Bullish,3200,3350.68,96,14465.28,Confidence,No Mistake,3107.71,3278.45,92.29,78.45,0.85,Medium,Yes,Win,4.71,13:52,123,15:55
527,2025-12-20,ICICIBANK,Banking,BREAKOUT,Volatile,1561,1615.18,88,4767.84,Fear,Early Exit,1518.79,1611.86,42.21,50.86,1.2,Medium,Yes,Win,3.47,14:07,42,14:49
528,2026-04-07,ICICIBANK,Banking,MACD,sideways,3077,3226.54,56,8374.24,Confidence,No Mistake,2989.04,3244.58,87.96,167.58,1.91,Low,Yes,Win,4.86,11:05,97,12:42
529,2026-01-11,HDFCBANK,Banking,BREAKOUT,Bullish,3702,3755.77,54,2903.58,Confidence,No Mistake,3640.91,3859.03,61.09,157.03,2.57,High,Yes,Win,1.45,11:54,205,15:19
530,2025-12-26,ICICIBANK,Banking,RSI,sideways,2837,2772.67,82,-5275.06,Fear,No Mistake,2764.54,2955.57,72.46,118.57,1.64,Low,Yes,Loss,-2.27,11:48,174,14:42
531,2025-07-15,HDFCBANK,Banking,BREAKOUT,Volatile,2117,2155.11,75,2858.25,Confidence,No Mistake,2084.3,2194.73,32.7,77.73,2.38,Medium,Yes,Win,1.8,10:51,98,12:29
532,2025-07-28,TCS,IT,RSI,sideways,2871,2731.68,65,-9055.8,Confidence,No Mistake,2832.7,2953.29,38.3,82.29,2.15,High,Yes,Loss,-4.85,11:09,156,13:45
533,2026-04-02,HDFCBANK,Banking,MACD,Volatile,1189,1166.93,25,-551.75,Fear,Early Exit,1159.38,1242.33,29.62,53.33,1.8,High,Yes,Loss,-1.86,11:11,231,15:02
534,2025-09-20,ICICIBANK,Banking,RSI,Volatile,2527,2592.98,49,3233.02,Fear,Early Exit,2465.81,2652.07,61.19,125.07,2.04,High,No,Win,2.61,10:30,22,10:52
535,2025-10-04,RELIANCE,Energy,BREAKOUT,Volatile,1692,1641.95,10,-500.5,Fear,Early Exit,1670.98,1762.43,21.02,70.43,3.35,Low,No,Loss,-2.96,10:28,58,11:26
536,2025-07-03,INFY,IT,BREAKOUT,Bullish,4188,4185.31,31,-83.39,Greed,No Mistake,4131.74,4345.36,56.26,157.36,2.8,High,Yes,Loss,-0.06,10:11,220,13:51
537,2025-07-07,RELIANCE,Energy,RSI,sideways,2567,2613.89,59,2766.51,Confidence,No Mistake,2502.46,2627.93,64.54,60.93,0.94,High,Yes,Win,1.83,12:15,72,13:27
538,2026-03-30,ICICIBANK,Banking,RSI,sideways,4528,4418.0,97,-10670.0,Greed,Overtrading,4460.41,4631.08,67.59,103.08,1.53,Low,Yes,Loss,-2.43,10:33,62,11:35
539,2026-05-11,RELIANCE,Energy,RSI,sideways,3877,3861.41,44,-685.96,Confidence,No Mistake,3810.94,4073.22,66.06,196.22,2.97,Low,Yes,Loss,-0.4,13:50,222,17:32
540,2025-11-17,TCS,IT,MACD,Volatile,2475,2374.33,59,-5939.53,Fear,Early Exit,2428.07,2597.11,46.93,122.11,2.6,Medium,Yes,Loss,-4.07,12:08,5,12:13
541,2025-11-07,ICICIBANK,Banking,MACD,sideways,2251,2298.71,21,1001.91,Confidence,No Mistake,2188.15,2329.45,62.85,78.45,1.25,Medium,Yes,Win,2.12,11:55,188,15:03
542,2025-07-17,INFY,IT,MACD,Bullish,3895,3724.17,26,-4441.58,Fear,Early Exit,3827.17,4073.78,67.83,178.78,2.64,Medium,Yes,Loss,-4.39,13:50,23,14:13
543,2025-10-17,ICICIBANK,Banking,RSI,Bearish,3959,3833.47,71,-8912.63,Fear,Early Exit,3843.39,4194.94,115.61,235.94,2.04,High,No,Loss,-3.17,10:26,223,14:09
544,2026-02-19,RELIANCE,Energy,BREAKOUT,Bullish,3102,3103.94,83,161.02,Greed,Overtrading,3045.67,3267.7,56.33,165.7,2.94,Medium,Yes,Win,0.06,11:40,9,11:49
545,2025-09-13,HDFCBANK,Banking,BREAKOUT,Volatile,2056,2055.33,21,-14.07,Confidence,No Mistake,2032.88,2106.76,23.12,50.76,2.2,Medium,Yes,Loss,-0.03,09:35,177,12:32
546,2026-02-01,ICICIBANK,Banking,BREAKOUT,Bearish,2862,2864.0,82,164.0,Fear,Early Exit,2791.2,2944.58,70.8,82.58,1.17,High,Yes,Win,0.07,09:14,198,12:32
547,2026-01-28,TCS,IT,BREAKOUT,sideways,2466,2356.35,69,-7565.85,Confidence,No Mistake,2402.68,2542.25,63.32,76.25,1.2,Medium,Yes,Loss,-4.45,13:51,46,14:37
548,2025-06-18,ICICIBANK,Banking,MACD,Volatile,4349,4211.99,82,-11234.82,Confidence,No Mistake,4254.87,4601.54,94.13,252.54,2.68,High,Yes,Loss,-3.15,11:46,10,11:56
549,2025-07-09,HDFCBANK,Banking,RSI,Bearish,3122,3164.43,53,2248.79,Confidence,Late Entry,3085.77,3222.19,36.23,100.19,2.77,Medium,Yes,Win,1.36,11:02,135,13:17
550,2025-10-01,INFY,IT,BREAKOUT,Volatile,2706,2823.59,51,5997.09,Confidence,No Mistake,2631.25,2852.74,74.75,146.74,1.96,Medium,Yes,Win,4.35,10:32,57,11:29
551,2025-08-08,HDFCBANK,Banking,RSI,sideways,2886,2811.07,65,-4870.45,Confidence,No Mistake,2821.58,3023.52,64.42,137.52,2.13,High,No,Loss,-2.6,13:54,107,15:41
552,2026-05-07,RELIANCE,Energy,MACD,Volatile,4819,4708.9,27,-2972.7,Fear,Early Exit,4717.61,4976.45,101.39,157.45,1.55,Low,Yes,Loss,-2.28,11:20,212,14:52
553,2025-10-11,RELIANCE,Energy,RSI,Bullish,4150,4050.1,59,-5894.1,Greed,Overtrading,4101.32,4390.33,48.68,240.33,4.94,Low,No,Loss,-2.41,10:37,174,13:31
554,2025-09-02,ICICIBANK,Banking,MACD,Volatile,3617,3792.49,15,2632.35,Greed,Overtrading,3553.74,3709.98,63.26,92.98,1.47,High,Yes,Win,4.85,12:54,200,16:14
555,2025-06-13,ICICIBANK,Banking,MACD,Volatile,4104,4094.2,88,-862.4,Greed,Overtrading,4001.61,4246.1,102.39,142.1,1.39,High,Yes,Loss,-0.24,09:30,67,10:37
556,2026-02-06,HDFCBANK,Banking,RSI,Bullish,3714,3675.06,83,-3232.02,Fear,Early Exit,3646.23,3842.66,67.77,128.66,1.9,Medium,Yes,Loss,-1.05,11:04,200,14:24
557,2026-01-07,ICICIBANK,Banking,RSI,Bullish,1579,1600.49,50,1074.5,Confidence,No Mistake,1547.39,1672.13,31.61,93.13,2.95,Medium,Yes,Win,1.36,13:15,153,15:48
558,2025-11-18,TCS,IT,MACD,Bearish,4210,4037.47,77,-13284.81,Greed,Overtrading,4094.53,4321.94,115.47,111.94,0.97,Medium,No,Loss,-4.1,11:35,175,14:30
559,2025-11-17,INFY,IT,RSI,Bearish,4530,4635.61,63,6653.43,Fear,No Mistake,4463.08,4685.74,66.92,155.74,2.33,Medium,Yes,Win,2.33,09:35,216,13:11
560,2025-08-04,INFY,IT,RSI,Bearish,3845,3752.74,40,-3690.4,Confidence,No Mistake,3737.84,4041.6,107.16,196.6,1.83,Medium,No,Loss,-2.4,14:30,223,18:13
561,2026-05-23,HDFCBANK,Banking,RSI,Bearish,4295,4427.67,24,3184.08,Greed,Overtrading,4238.91,4524.36,56.09,229.36,4.09,Low,Yes,Win,3.09,10:30,50,11:20
562,2026-01-13,HDFCBANK,Banking,MACD,Bearish,4702,4682.33,59,-1160.53,Greed,Overtrading,4640.24,4930.25,61.76,228.25,3.7,High,Yes,Loss,-0.42,12:06,25,12:31
563,2025-12-19,RELIANCE,Energy,BREAKOUT,sideways,2422,2496.07,18,1333.26,Greed,Overtrading,2356.72,2487.5,65.28,65.5,1.0,High,Yes,Win,3.06,12:33,183,15:36
564,2025-08-02,INFY,IT,RSI,Bullish,1498,1477.64,58,-1180.88,Greed,Overtrading,1476.48,1587.72,21.52,89.72,4.17,High,Yes,Loss,-1.36,12:51,118,14:49
565,2026-03-13,INFY,IT,RSI,Volatile,4787,4884.95,99,9697.05,Confidence,No Mistake,4700.05,5044.32,86.95,257.32,2.96,Medium,Yes,Win,2.05,11:59,135,14:14
566,2026-03-11,ICICIBANK,Banking,BREAKOUT,Bearish,1745,1762.9,92,1646.8,Fear,No Mistake,1694.74,1845.85,50.26,100.85,2.01,High,No,Win,1.03,10:20,27,10:47
567,2026-03-21,INFY,IT,RSI,Volatile,3267,3123.57,20,-2868.6,Greed,Overtrading,3189.87,3445.37,77.13,178.37,2.31,Medium,No,Loss,-4.39,14:38,139,16:57
568,2026-01-01,INFY,IT,RSI,Bullish,1450,1421.28,48,-1378.56,Greed,No Mistake,1408.47,1519.79,41.53,69.79,1.68,Medium,Yes,Loss,-1.98,11:42,33,12:15
569,2025-09-03,INFY,IT,RSI,Volatile,1065,1058.01,55,-384.45,Confidence,Late Entry,1051.32,1109.96,13.68,44.96,3.29,Medium,No,Loss,-0.66,14:00,80,15:20
570,2025-10-16,HDFCBANK,Banking,BREAKOUT,Bullish,3421,3525.81,12,1257.72,Confidence,No Mistake,3345.73,3565.95,75.27,144.95,1.93,Medium,Yes,Win,3.06,13:21,66,14:27
571,2025-10-30,TCS,IT,BREAKOUT,Volatile,3031,3153.34,83,10154.22,Fear,Early Exit,2984.13,3183.53,46.87,152.53,3.25,Medium,Yes,Win,4.04,10:34,17,10:51
572,2025-07-20,HDFCBANK,Banking,MACD,Volatile,4103,4173.36,94,6613.84,Confidence,No Mistake,4033.48,4252.55,69.52,149.55,2.15,Low,No,Win,1.71,09:59,218,13:37
573,2025-11-08,RELIANCE,Energy,RSI,Volatile,1412,1438.46,36,952.56,Confidence,Late Entry,1380.73,1465.46,31.27,53.46,1.71,Low,Yes,Win,1.87,14:57,166,17:43
574,2025-10-24,INFY,IT,BREAKOUT,Bullish,3499,3375.37,67,-8283.21,Confidence,No Mistake,3408.48,3581.59,90.52,82.59,0.91,Medium,Yes,Loss,-3.53,09:21,135,11:36
575,2026-01-25,INFY,IT,BREAKOUT,sideways,1992,2056.73,85,5502.05,Confidence,No Mistake,1965.82,2033.52,26.18,41.52,1.59,Medium,Yes,Win,3.25,14:34,131,16:45
576,2025-10-17,HDFCBANK,Banking,RSI,Bearish,1732,1784.92,73,3863.16,Confidence,No Mistake,1712.17,1790.57,19.83,58.57,2.95,Medium,Yes,Win,3.06,13:17,219,16:56
577,2026-04-06,RELIANCE,Energy,BREAKOUT,Bullish,4805,4702.2,31,-3186.8,Confidence,No Mistake,4724.07,5083.66,80.93,278.66,3.44,Low,Yes,Loss,-2.14,10:01,165,12:46
578,2026-02-25,TCS,IT,BREAKOUT,sideways,2757,2630.19,86,-10905.66,Greed,Overtrading,2708.51,2921.87,48.49,164.87,3.4,Medium,Yes,Loss,-4.6,09:01,200,12:21
579,2025-11-11,INFY,IT,RSI,Bearish,1996,2073.58,50,3879.0,Greed,No Mistake,1944.34,2043.42,51.66,47.42,0.92,Medium,Yes,Win,3.89,11:21,144,13:45
580,2026-04-06,HDFCBANK,Banking,RSI,Bullish,1847,1900.92,24,1294.08,Greed,Overtrading,1812.61,1950.07,34.39,103.07,3.0,Medium,Yes,Win,2.92,13:33,235,17:28
581,2025-07-29,RELIANCE,Energy,MACD,Bullish,4822,4982.37,19,3047.03,Fear,No Mistake,4700.79,5060.65,121.21,238.65,1.97,Medium,Yes,Win,3.33,11:40,99,13:19
582,2025-12-09,TCS,IT,MACD,sideways,3863,3853.01,74,-739.26,Confidence,No Mistake,3797.99,3989.91,65.01,126.91,1.95,Medium,Yes,Loss,-0.26,10:42,19,11:01
583,2026-03-12,TCS,IT,BREAKOUT,Bearish,1770,1817.2,18,849.6,Greed,Overtrading,1728.41,1876.06,41.59,106.06,2.55,Medium,Yes,Win,2.67,12:16,150,14:46
584,2026-01-10,ICICIBANK,Banking,RSI,Bearish,4426,4316.11,30,-3296.7,Greed,Overtrading,4379.16,4673.55,46.84,247.55,5.29,High,Yes,Loss,-2.48,14:30,192,17:42
585,2026-02-16,RELIANCE,Energy,MACD,sideways,2401,2462.96,95,5886.2,Confidence,No Mistake,2370.37,2482.92,30.63,81.92,2.67,High,Yes,Win,2.58,12:12,68,13:20
586,2026-01-21,ICICIBANK,Banking,RSI,sideways,4169,4163.44,47,-261.32,Fear,Early Exit,4058.24,4355.32,110.76,186.32,1.68,Medium,Yes,Loss,-0.13,10:01,228,13:49
587,2025-10-27,HDFCBANK,Banking,MACD,sideways,3768,3666.17,56,-5702.48,Confidence,No Mistake,3673.83,3989.97,94.17,221.97,2.36,Low,Yes,Loss,-2.7,12:05,145,14:30
588,2025-09-10,HDFCBANK,Banking,BREAKOUT,Bearish,1291,1346.62,50,2781.0,Confidence,Late Entry,1270.37,1332.31,20.63,41.31,2.0,High,Yes,Win,4.31,14:04,36,14:40
589,2026-02-02,ICICIBANK,Banking,MACD,Volatile,4821,4862.84,12,502.08,Fear,Early Exit,4709.99,4929.88,111.01,108.88,0.98,Medium,Yes,Win,0.87,13:43,100,15:23
590,2026-05-30,HDFCBANK,Banking,RSI,sideways,3304,3246.73,17,-973.59,Confidence,Late Entry,3257.88,3448.06,46.12,144.06,3.12,High,Yes,Loss,-1.73,13:15,140,15:35
591,2025-06-22,INFY,IT,RSI,Bullish,2500,2380.6,57,-6805.8,Confidence,No Mistake,2435.95,2594.41,64.05,94.41,1.47,Medium,Yes,Loss,-4.78,14:52,13,15:05
592,2026-04-04,HDFCBANK,Banking,RSI,Bullish,1867,1780.36,61,-5285.04,Fear,Early Exit,1846.61,1930.31,20.39,63.31,3.1,Medium,Yes,Loss,-4.64,09:27,89,10:56
593,2026-02-26,TCS,IT,RSI,Bullish,2815,2945.16,91,11844.56,Fear,Early Exit,2746.13,2979.8,68.87,164.8,2.39,High,Yes,Win,4.62,14:26,235,18:21
594,2025-11-27,INFY,IT,MACD,Volatile,3042,2983.49,91,-5324.41,Fear,No Mistake,2988.27,3117.24,53.73,75.24,1.4,Medium,No,Loss,-1.92,09:50,26,10:16
595,2026-04-12,TCS,IT,BREAKOUT,sideways,2158,2077.08,97,-7849.24,Confidence,No Mistake,2125.29,2227.29,32.71,69.29,2.12,High,Yes,Loss,-3.75,13:54,55,14:49
596,2026-02-06,ICICIBANK,Banking,MACD,Bearish,3761,3814.03,34,1803.02,Greed,No Mistake,3714.12,3947.33,46.88,186.33,3.97,Medium,Yes,Win,1.41,10:40,42,11:22
597,2025-06-13,RELIANCE,Energy,RSI,Bearish,4702,4917.71,21,4529.91,Greed,No Mistake,4615.8,4941.06,86.2,239.06,2.77,Medium,No,Win,4.59,10:15,144,12:39
598,2025-08-05,TCS,IT,RSI,Volatile,1937,1872.73,55,-3534.85,Confidence,Late Entry,1897.92,2050.9,39.08,113.9,2.91,Low,Yes,Loss,-3.32,14:48,196,18:04
599,2026-01-11,ICICIBANK,Banking,MACD,sideways,4993,5133.82,14,1971.48,Greed,No Mistake,4942.09,5273.21,50.91,280.21,5.5,High,Yes,Win,2.82,11:49,118,13:47
600,2025-12-26,INFY,IT,RSI,Bearish,3227,3381.81,20,3096.2,Fear,Early Exit,3130.59,3362.04,96.41,135.04,1.4,High,Yes,Win,4.8,11:08,34,11:42
601,2026-02-23,INFY,IT,BREAKOUT,Volatile,1771,1750.45,20,-411.0,Fear,Early Exit,1733.43,1830.81,37.57,59.81,1.59,Medium,No,Loss,-1.16,14:55,55,15:50
602,2025-09-27,INFY,IT,RSI,sideways,4095,4293.34,17,3371.78,Confidence,No Mistake,4010.85,4262.16,84.15,167.16,1.99,Low,Yes,Win,4.84,09:21,175,12:16
603,2026-04-20,TCS,IT,RSI,Bearish,2424,2426.83,37,104.71,Fear,Early Exit,2378.04,2501.41,45.96,77.41,1.68,High,No,Win,0.12,10:40,221,14:21
604,2025-09-22,HDFCBANK,Banking,RSI,Volatile,2842,2754.72,97,-8466.16,Greed,Overtrading,2789.02,2965.48,52.98,123.48,2.33,Medium,Yes,Loss,-3.07,12:28,178,15:26
605,2026-03-27,RELIANCE,Energy,MACD,Bearish,4465,4501.05,14,504.7,Greed,Overtrading,4364.58,4659.19,100.42,194.19,1.93,Medium,Yes,Win,0.81,14:42,81,16:03
606,2026-05-05,ICICIBANK,Banking,RSI,sideways,1124,1153.06,38,1104.28,Greed,No Mistake,1107.04,1151.41,16.96,27.41,1.62,High,Yes,Win,2.59,13:45,146,16:11
607,2026-05-01,INFY,IT,MACD,Volatile,3518,3531.48,70,943.6,Confidence,No Mistake,3428.03,3663.0,89.97,145.0,1.61,Medium,Yes,Win,0.38,11:37,153,14:10
608,2026-02-05,INFY,IT,RSI,Bearish,2535,2415.9,56,-6669.6,Fear,Early Exit,2472.81,2612.33,62.19,77.33,1.24,Medium,No,Loss,-4.7,13:41,217,17:18
609,2026-06-03,TCS,IT,MACD,Bullish,3155,3036.4,40,-4744.0,Fear,No Mistake,3088.73,3270.84,66.27,115.84,1.75,Medium,Yes,Loss,-3.76,14:15,156,16:51
610,2025-11-14,INFY,IT,BREAKOUT,Bearish,2814,2944.74,93,12158.82,Fear,Early Exit,2778.47,2890.78,35.53,76.78,2.16,Medium,Yes,Win,4.65,09:44,38,10:22
611,2025-12-25,RELIANCE,Energy,BREAKOUT,Volatile,1274,1265.49,71,-604.21,Fear,Early Exit,1239.81,1337.98,34.19,63.98,1.87,Medium,Yes,Loss,-0.67,09:19,231,13:10
612,2026-03-03,INFY,IT,MACD,sideways,3782,3709.56,34,-2462.96,Greed,Overtrading,3684.0,3981.69,98.0,199.69,2.04,Medium,Yes,Loss,-1.92,14:45,30,15:15
613,2025-08-26,RELIANCE,Energy,RSI,sideways,4935,4998.08,19,1198.52,Greed,No Mistake,4833.31,5152.7,101.69,217.7,2.14,Medium,Yes,Win,1.28,12:55,100,14:35
614,2026-03-12,TCS,IT,RSI,Volatile,3737,3660.35,71,-5442.15,Confidence,No Mistake,3631.06,3954.13,105.94,217.13,2.05,Medium,Yes,Loss,-2.05,13:42,205,17:07
615,2025-07-30,ICICIBANK,Banking,BREAKOUT,sideways,2382,2309.14,41,-2987.26,Confidence,No Mistake,2333.87,2432.25,48.13,50.25,1.04,High,Yes,Loss,-3.06,11:29,65,12:34
616,2026-03-09,TCS,IT,RSI,Bullish,3707,3859.64,65,9921.6,Fear,No Mistake,3632.18,3907.06,74.82,200.06,2.67,High,Yes,Win,4.12,14:37,197,17:54
617,2025-09-29,HDFCBANK,Banking,MACD,Bearish,3576,3636.79,85,5167.15,Greed,Overtrading,3477.86,3779.43,98.14,203.43,2.07,Medium,Yes,Win,1.7,12:17,18,12:35
618,2026-03-14,HDFCBANK,Banking,BREAKOUT,sideways,4627,4546.59,48,-3859.68,Greed,No Mistake,4572.09,4827.41,54.91,200.41,3.65,High,Yes,Loss,-1.74,14:46,47,15:33
619,2026-05-18,HDFCBANK,Banking,BREAKOUT,Bearish,4302,4511.91,62,13014.42,Fear,No Mistake,4231.89,4485.64,70.11,183.64,2.62,High,No,Win,4.88,12:08,207,15:35
620,2026-02-04,TCS,IT,BREAKOUT,Bearish,2122,2204.04,67,5496.68,Confidence,No Mistake,2088.1,2216.99,33.9,94.99,2.8,Medium,Yes,Win,3.87,10:15,68,11:23
621,2025-06-24,RELIANCE,Energy,MACD,Volatile,4088,4227.68,72,10056.96,Fear,No Mistake,4001.62,4207.86,86.38,119.86,1.39,High,Yes,Win,3.42,12:19,48,13:07
622,2026-05-23,TCS,IT,RSI,Volatile,2043,1994.64,32,-1547.52,Fear,Early Exit,2019.79,2101.49,23.21,58.49,2.52,Medium,Yes,Loss,-2.37,14:23,147,16:50
623,2025-07-07,INFY,IT,RSI,sideways,2012,1959.52,68,-3568.64,Fear,Early Exit,1978.78,2118.01,33.22,106.01,3.19,Medium,Yes,Loss,-2.61,14:10,129,16:19
624,2025-12-11,RELIANCE,Energy,RSI,Bearish,2329,2260.77,48,-3275.04,Greed,Overtrading,2288.47,2417.97,40.53,88.97,2.2,Medium,Yes,Loss,-2.93,10:53,105,12:38
625,2026-05-30,ICICIBANK,Banking,MACD,Bearish,3374,3411.12,69,2561.28,Confidence,No Mistake,3337.54,3496.53,36.46,122.53,3.36,Medium,No,Win,1.1,09:27,89,10:56
626,2026-03-19,ICICIBANK,Banking,BREAKOUT,sideways,3599,3617.98,37,702.26,Confidence,No Mistake,3526.86,3741.96,72.14,142.96,1.98,Medium,No,Win,0.53,12:27,227,16:14
627,2025-10-31,RELIANCE,Energy,RSI,sideways,2753,2639.26,60,-6824.4,Confidence,No Mistake,2694.91,2864.28,58.09,111.28,1.92,High,No,Loss,-4.13,10:30,42,11:12
628,2026-03-15,RELIANCE,Energy,MACD,Bullish,2818,2947.37,91,11772.67,Fear,No Mistake,2767.14,2982.95,50.86,164.95,3.24,Medium,Yes,Win,4.59,14:06,165,16:51
629,2026-01-31,INFY,IT,MACD,sideways,3427,3530.32,44,4546.08,Greed,No Mistake,3366.45,3528.46,60.55,101.46,1.68,Medium,Yes,Win,3.01,12:30,112,14:22
630,2025-08-29,INFY,IT,BREAKOUT,Bullish,2212,2320.55,64,6947.2,Greed,Overtrading,2176.03,2299.69,35.97,87.69,2.44,Medium,Yes,Win,4.91,09:17,57,10:14
631,2026-04-16,HDFCBANK,Banking,RSI,sideways,4990,5097.75,47,5064.25,Confidence,No Mistake,4843.91,5110.79,146.09,120.79,0.83,Medium,No,Win,2.16,12:01,30,12:31
632,2025-11-09,TCS,IT,BREAKOUT,Bullish,3769,3808.62,52,2060.24,Fear,No Mistake,3679.22,3873.35,89.78,104.35,1.16,Medium,Yes,Win,1.05,13:00,34,13:34
633,2025-07-04,ICICIBANK,Banking,RSI,Volatile,3352,3384.66,41,1339.06,Greed,No Mistake,3297.94,3550.59,54.06,198.59,3.67,High,Yes,Win,0.97,09:28,223,13:11
634,2025-12-20,ICICIBANK,Banking,BREAKOUT,Bearish,2080,1989.29,90,-8163.9,Greed,Overtrading,2018.83,2154.09,61.17,74.09,1.21,Low,Yes,Loss,-4.36,10:07,231,13:58
635,2026-02-03,TCS,IT,MACD,Volatile,4588,4380.1,82,-17047.8,Fear,Early Exit,4457.24,4699.31,130.76,111.31,0.85,Low,Yes,Loss,-4.53,11:04,76,12:20
636,2026-04-01,TCS,IT,RSI,Bullish,3056,3175.92,83,9953.36,Confidence,No Mistake,3006.0,3124.85,50.0,68.85,1.38,Medium,Yes,Win,3.92,12:07,7,12:14
637,2025-12-12,INFY,IT,RSI,Bullish,3229,3321.48,58,5363.84,Greed,Overtrading,3176.88,3346.74,52.12,117.74,2.26,Medium,Yes,Win,2.86,14:34,46,15:20
638,2025-12-21,RELIANCE,Energy,MACD,Bullish,4845,5002.78,75,11833.5,Greed,Overtrading,4761.83,4970.43,83.17,125.43,1.51,Low,Yes,Win,3.26,13:40,164,16:24
639,2025-09-07,INFY,IT,MACD,sideways,4604,4638.07,15,511.05,Confidence,Late Entry,4491.3,4714.84,112.7,110.84,0.98,Medium,Yes,Win,0.74,10:49,109,12:38
640,2025-11-07,RELIANCE,Energy,BREAKOUT,Bearish,3265,3105.64,82,-13067.52,Fear,Early Exit,3210.15,3388.68,54.85,123.68,2.25,Medium,Yes,Loss,-4.88,12:44,236,16:40
641,2026-01-19,RELIANCE,Energy,MACD,sideways,2534,2609.18,85,6390.3,Confidence,No Mistake,2459.33,2650.05,74.67,116.05,1.55,Medium,Yes,Win,2.97,14:59,237,18:56
642,2026-01-29,INFY,IT,MACD,Volatile,4955,5085.22,24,3125.28,Confidence,No Mistake,4834.99,5058.74,120.01,103.74,0.86,Medium,Yes,Win,2.63,12:37,233,16:30
643,2025-12-21,RELIANCE,Energy,MACD,Volatile,3954,3992.34,75,2875.5,Fear,Early Exit,3857.1,4137.55,96.9,183.55,1.89,High,Yes,Win,0.97,10:59,236,14:55
644,2026-05-23,TCS,IT,RSI,Volatile,3637,3701.47,46,2965.62,Greed,Overtrading,3585.95,3813.24,51.05,176.24,3.45,Medium,Yes,Win,1.77,12:29,106,14:15
645,2025-12-07,HDFCBANK,Banking,MACD,Volatile,4773,4961.11,56,10534.16,Fear,Early Exit,4719.78,4871.37,53.22,98.37,1.85,Medium,Yes,Win,3.94,14:20,230,18:10
646,2026-02-21,TCS,IT,MACD,Volatile,4828,4646.83,81,-14674.77,Confidence,No Mistake,4766.65,5072.36,61.35,244.36,3.98,High,Yes,Loss,-3.75,10:32,114,12:26
647,2025-06-11,HDFCBANK,Banking,BREAKOUT,sideways,4167,3996.46,61,-10402.94,Confidence,No Mistake,4105.46,4307.03,61.54,140.03,2.28,High,Yes,Loss,-4.09,13:36,179,16:35
648,2026-03-07,HDFCBANK,Banking,RSI,Bearish,4671,4545.66,94,-11781.96,Greed,Overtrading,4580.77,4845.61,90.23,174.61,1.94,Low,Yes,Loss,-2.68,09:03,223,12:46
649,2026-01-07,HDFCBANK,Banking,MACD,sideways,4698,4893.84,17,3329.28,Greed,Overtrading,4585.19,4900.83,112.81,202.83,1.8,Medium,No,Win,4.17,10:59,158,13:37
650,2026-05-05,INFY,IT,MACD,Bearish,2408,2305.77,19,-1942.37,Confidence,Late Entry,2365.99,2512.73,42.01,104.73,2.49,Low,No,Loss,-4.25,12:04,41,12:45
651,2026-05-26,RELIANCE,Energy,MACD,Volatile,4512,4552.22,39,1568.58,Confidence,Late Entry,4382.44,4681.6,129.56,169.6,1.31,Medium,Yes,Win,0.89,10:04,79,11:23
652,2025-06-18,TCS,IT,MACD,sideways,3217,3313.41,61,5881.01,Confidence,No Mistake,3130.21,3388.16,86.79,171.16,1.97,Low,Yes,Win,3.0,11:50,239,15:49
653,2025-06-21,RELIANCE,Energy,RSI,Bullish,4606,4792.48,29,5407.92,Greed,Overtrading,4475.75,4705.8,130.25,99.8,0.77,Medium,Yes,Win,4.05,10:44,81,12:05
654,2025-12-04,HDFCBANK,Banking,MACD,Bullish,3373,3462.27,98,8748.46,Fear,No Mistake,3337.28,3567.65,35.72,194.65,5.45,Low,Yes,Win,2.65,12:18,77,13:35
655,2025-10-22,ICICIBANK,Banking,RSI,Bullish,3433,3387.01,32,-1471.68,Fear,Early Exit,3396.78,3532.86,36.22,99.86,2.76,Medium,Yes,Loss,-1.34,14:41,237,18:38
656,2025-07-14,ICICIBANK,Banking,RSI,Bullish,3654,3751.41,10,974.1,Greed,Overtrading,3546.41,3815.71,107.59,161.71,1.5,High,Yes,Win,2.67,12:58,173,15:51
657,2025-12-09,ICICIBANK,Banking,MACD,Bearish,2823,2777.7,40,-1812.0,Fear,Early Exit,2775.79,2957.49,47.21,134.49,2.85,Medium,Yes,Loss,-1.6,10:18,23,10:41
658,2026-01-09,RELIANCE,Energy,RSI,sideways,2697,2600.85,80,-7692.0,Confidence,No Mistake,2621.1,2809.66,75.9,112.66,1.48,Medium,Yes,Loss,-3.57,09:44,122,11:46
659,2026-02-06,HDFCBANK,Banking,MACD,Bearish,2034,2024.55,12,-113.4,Confidence,No Mistake,1997.16,2122.22,36.84,88.22,2.39,Medium,Yes,Loss,-0.46,13:00,112,14:52
660,2025-07-08,HDFCBANK,Banking,MACD,Bearish,4793,4890.03,27,2619.81,Fear,Early Exit,4655.56,5023.5,137.44,230.5,1.68,Low,Yes,Win,2.02,13:13,122,15:15
661,2025-10-14,INFY,IT,BREAKOUT,Volatile,1983,2054.12,91,6471.92,Greed,No Mistake,1949.66,2101.5,33.34,118.5,3.55,Medium,Yes,Win,3.59,12:58,177,15:55
662,2025-08-17,HDFCBANK,Banking,MACD,Volatile,4641,4497.24,45,-6469.2,Confidence,Late Entry,4564.64,4885.58,76.36,244.58,3.2,Medium,No,Loss,-3.1,11:59,227,15:46
663,2025-07-31,HDFCBANK,Banking,BREAKOUT,Bearish,3681,3688.61,92,700.12,Fear,Early Exit,3603.71,3842.14,77.29,161.14,2.08,Medium,Yes,Win,0.21,09:21,98,10:59
664,2025-08-01,INFY,IT,RSI,Bearish,4820,4624.84,55,-10733.8,Confidence,No Mistake,4764.72,5025.01,55.28,205.01,3.71,Medium,No,Loss,-4.05,13:17,23,13:40
665,2025-09-25,INFY,IT,BREAKOUT,Volatile,4186,3999.5,26,-4849.0,Greed,Overtrading,4121.45,4360.71,64.55,174.71,2.71,Medium,Yes,Loss,-4.46,11:27,44,12:11
666,2025-12-17,RELIANCE,Energy,RSI,Bearish,3246,3359.18,96,10865.28,Confidence,No Mistake,3158.71,3426.64,87.29,180.64,2.07,High,Yes,Win,3.49,09:01,196,12:17
667,2026-03-13,ICICIBANK,Banking,MACD,Volatile,1513,1449.85,13,-820.95,Greed,No Mistake,1480.19,1575.78,32.81,62.78,1.91,Medium,No,Loss,-4.17,09:54,59,10:53
668,2025-06-11,ICICIBANK,Banking,BREAKOUT,Volatile,4119,3931.57,32,-5997.76,Greed,Overtrading,4072.08,4266.44,46.92,147.44,3.14,Low,Yes,Loss,-4.55,14:00,102,15:42
669,2025-06-18,RELIANCE,Energy,RSI,Volatile,4570,4729.33,88,14021.04,Fear,Early Exit,4462.22,4710.73,107.78,140.73,1.31,Medium,Yes,Win,3.49,13:54,81,15:15
670,2025-08-13,HDFCBANK,Banking,MACD,sideways,1424,1419.16,59,-285.56,Fear,Early Exit,1387.02,1469.79,36.98,45.79,1.24,Low,Yes,Loss,-0.34,12:34,138,14:52
671,2026-05-30,TCS,IT,MACD,Volatile,2269,2238.75,35,-1058.75,Confidence,No Mistake,2241.81,2357.94,27.19,88.94,3.27,Medium,Yes,Loss,-1.33,09:36,77,10:53
672,2025-11-01,ICICIBANK,Banking,BREAKOUT,Bullish,2419,2433.67,15,220.05,Greed,No Mistake,2361.73,2498.49,57.27,79.49,1.39,High,No,Win,0.61,13:37,103,15:20
673,2025-06-13,RELIANCE,Energy,MACD,sideways,4044,4030.32,88,-1203.84,Fear,Early Exit,3962.94,4148.91,81.06,104.91,1.29,High,No,Loss,-0.34,11:31,215,15:06
674,2026-05-03,HDFCBANK,Banking,BREAKOUT,Volatile,3426,3538.24,15,1683.6,Confidence,No Mistake,3365.4,3511.84,60.6,85.84,1.42,Medium,Yes,Win,3.28,10:16,67,11:23
675,2025-06-12,HDFCBANK,Banking,BREAKOUT,sideways,2165,2145.75,63,-1212.75,Confidence,No Mistake,2140.64,2250.3,24.36,85.3,3.5,Medium,Yes,Loss,-0.89,14:01,141,16:22
676,2026-03-25,RELIANCE,Energy,BREAKOUT,Bullish,2958,3027.44,89,6180.16,Greed,Overtrading,2880.63,3064.03,77.37,106.03,1.37,High,No,Win,2.35,09:48,142,12:10
677,2026-04-01,TCS,IT,RSI,Volatile,1758,1745.91,71,-858.39,Greed,Overtrading,1708.53,1839.51,49.47,81.51,1.65,Medium,No,Loss,-0.69,11:33,145,13:58
678,2026-04-10,RELIANCE,Energy,MACD,sideways,4220,4095.15,89,-11111.65,Fear,Early Exit,4129.73,4373.54,90.27,153.54,1.7,Low,Yes,Loss,-2.96,11:30,25,11:55
679,2025-08-17,TCS,IT,RSI,Bullish,2251,2269.87,25,471.75,Greed,Overtrading,2185.98,2299.48,65.02,48.48,0.75,Medium,Yes,Win,0.84,11:05,54,11:59
680,2025-10-07,INFY,IT,RSI,Bullish,3365,3207.8,93,-14619.6,Greed,Overtrading,3267.53,3552.48,97.47,187.48,1.92,Medium,Yes,Loss,-4.67,12:11,119,14:10
681,2025-10-21,INFY,IT,MACD,sideways,1551,1577.21,97,2542.37,Greed,Overtrading,1526.62,1604.74,24.38,53.74,2.2,Medium,Yes,Win,1.69,09:54,108,11:42
682,2026-04-18,RELIANCE,Energy,MACD,Volatile,4341,4346.52,70,386.4,Fear,Early Exit,4223.19,4517.73,117.81,176.73,1.5,Medium,Yes,Win,0.13,10:41,212,14:13
683,2025-11-25,INFY,IT,RSI,Volatile,1836,1754.71,64,-5202.56,Confidence,No Mistake,1794.46,1873.22,41.54,37.22,0.9,Low,Yes,Loss,-4.43,13:39,14,13:53
684,2025-10-22,RELIANCE,Energy,RSI,sideways,4775,4570.4,40,-8184.0,Confidence,No Mistake,4660.43,5010.19,114.57,235.19,2.05,High,Yes,Loss,-4.28,09:39,215,13:14
685,2025-10-09,RELIANCE,Energy,MACD,sideways,1395,1461.2,70,4634.0,Greed,Overtrading,1358.76,1478.53,36.24,83.53,2.3,High,Yes,Win,4.75,09:53,19,10:12
686,2026-05-09,RELIANCE,Energy,MACD,Volatile,4633,4788.78,98,15266.44,Greed,No Mistake,4528.99,4835.52,104.01,202.52,1.95,Medium,Yes,Win,3.36,13:43,160,16:23
687,2026-02-06,RELIANCE,Energy,MACD,Bullish,4937,4854.43,59,-4871.63,Greed,Overtrading,4831.4,5121.71,105.6,184.71,1.75,Medium,Yes,Loss,-1.67,10:52,132,13:04
688,2026-02-08,TCS,IT,BREAKOUT,Bullish,2073,2104.19,23,717.37,Greed,Overtrading,2049.05,2186.65,23.95,113.65,4.75,Medium,Yes,Win,1.5,12:34,140,14:54
689,2026-04-26,RELIANCE,Energy,BREAKOUT,sideways,2329,2228.83,84,-8414.28,Greed,Overtrading,2297.7,2457.2,31.3,128.2,4.1,High,Yes,Loss,-4.3,13:59,78,15:17
690,2025-07-29,INFY,IT,MACD,sideways,4741,4814.08,43,3142.44,Greed,Overtrading,4655.39,4926.03,85.61,185.03,2.16,Low,Yes,Win,1.54,12:11,150,14:41
691,2025-10-05,INFY,IT,RSI,Bearish,4520,4305.4,74,-15880.4,Confidence,No Mistake,4464.64,4661.17,55.36,141.17,2.55,Medium,Yes,Loss,-4.75,09:46,20,10:06
692,2025-07-18,ICICIBANK,Banking,BREAKOUT,Volatile,4625,4571.87,89,-4728.57,Confidence,Late Entry,4547.03,4800.2,77.97,175.2,2.25,Low,Yes,Loss,-1.15,13:55,167,16:42
693,2025-09-24,ICICIBANK,Banking,BREAKOUT,Bullish,3914,3891.55,23,-516.35,Fear,No Mistake,3815.45,4139.62,98.55,225.62,2.29,High,Yes,Loss,-0.57,10:03,74,11:17
694,2025-12-03,HDFCBANK,Banking,MACD,Volatile,1523,1469.47,62,-3318.86,Greed,No Mistake,1487.5,1578.69,35.5,55.69,1.57,Medium,Yes,Loss,-3.51,13:06,230,16:56
695,2026-05-20,RELIANCE,Energy,MACD,Volatile,1505,1545.95,38,1556.1,Confidence,No Mistake,1482.41,1587.15,22.59,82.15,3.64,Low,Yes,Win,2.72,11:29,25,11:54
696,2025-08-15,HDFCBANK,Banking,MACD,sideways,1595,1550.23,27,-1208.79,Confidence,Late Entry,1553.1,1664.2,41.9,69.2,1.65,High,Yes,Loss,-2.81,10:14,106,12:00
697,2025-07-23,HDFCBANK,Banking,RSI,Volatile,1465,1491.29,19,499.51,Greed,Overtrading,1435.16,1528.07,29.84,63.07,2.11,High,Yes,Win,1.79,14:52,110,16:42
698,2026-01-24,TCS,IT,RSI,Volatile,1204,1250.65,38,1772.7,Confidence,No Mistake,1191.27,1246.19,12.73,42.19,3.31,High,Yes,Win,3.87,13:11,80,14:31
699,2026-05-26,INFY,IT,MACD,sideways,4151,4287.24,45,6130.8,Fear,No Mistake,4078.91,4332.45,72.09,181.45,2.52,High,Yes,Win,3.28,13:59,139,16:18
700,2025-09-22,TCS,IT,RSI,sideways,4342,4501.86,89,14227.54,Fear,Early Exit,4274.78,4540.84,67.22,198.84,2.96,Low,Yes,Win,3.68,09:07,203,12:30
701,2026-02-14,INFY,IT,MACD,Volatile,2835,2776.96,69,-4004.76,Fear,Early Exit,2798.73,2945.72,36.27,110.72,3.05,Medium,Yes,Loss,-2.05,13:46,27,14:13
702,2025-08-09,TCS,IT,BREAKOUT,sideways,2865,2978.27,22,2491.94,Fear,Early Exit,2829.03,3033.04,35.97,168.04,4.67,High,No,Win,3.95,09:44,63,10:47
703,2026-04-25,RELIANCE,Energy,MACD,Bearish,4013,3823.19,19,-3606.39,Confidence,No Mistake,3969.63,4167.96,43.37,154.96,3.57,Medium,Yes,Loss,-4.73,10:33,230,14:23
704,2025-10-29,ICICIBANK,Banking,MACD,sideways,4050,3978.11,37,-2659.93,Confidence,No Mistake,3984.38,4290.1,65.62,240.1,3.66,High,Yes,Loss,-1.78,12:25,218,16:03
705,2025-10-12,RELIANCE,Energy,MACD,Bullish,1700,1625.24,67,-5008.92,Confidence,Late Entry,1671.03,1757.57,28.97,57.57,1.99,High,Yes,Loss,-4.4,10:13,98,11:51
706,2025-09-25,RELIANCE,Energy,RSI,Volatile,4060,3950.07,28,-3078.04,Confidence,Late Entry,3963.75,4147.96,96.25,87.96,0.91,Medium,Yes,Loss,-2.71,10:49,56,11:45
707,2026-01-28,RELIANCE,Energy,RSI,Volatile,4085,4265.61,93,16796.73,Greed,Overtrading,4038.22,4289.65,46.78,204.65,4.37,Medium,Yes,Win,4.42,12:52,21,13:13
708,2026-05-10,ICICIBANK,Banking,MACD,Volatile,2060,2136.25,59,4498.75,Confidence,No Mistake,2032.16,2119.8,27.84,59.8,2.15,High,Yes,Win,3.7,09:07,237,13:04
709,2025-07-21,RELIANCE,Energy,BREAKOUT,Bearish,1968,1970.19,83,181.77,Fear,Early Exit,1916.1,2010.29,51.9,42.29,0.81,High,Yes,Win,0.11,12:24,132,14:36
710,2025-08-13,HDFCBANK,Banking,MACD,Volatile,1302,1320.99,96,1823.04,Fear,Early Exit,1282.24,1343.31,19.76,41.31,2.09,Low,Yes,Win,1.46,14:03,161,16:44
711,2025-06-21,HDFCBANK,Banking,RSI,sideways,1065,1029.1,88,-3159.2,Fear,Early Exit,1045.42,1095.69,19.58,30.69,1.57,Medium,Yes,Loss,-3.37,13:01,134,15:15
712,2026-05-04,HDFCBANK,Banking,RSI,sideways,2544,2437.02,90,-9628.2,Greed,Overtrading,2493.49,2686.36,50.51,142.36,2.82,Medium,Yes,Loss,-4.21,12:27,215,16:02
713,2025-06-08,RELIANCE,Energy,RSI,Volatile,1052,1104.08,19,989.52,Greed,No Mistake,1033.27,1076.33,18.73,24.33,1.3,Medium,No,Win,4.95,10:34,97,12:11
714,2025-06-12,RELIANCE,Energy,BREAKOUT,sideways,1242,1233.25,11,-96.25,Fear,Early Exit,1221.57,1279.04,20.43,37.04,1.81,Low,Yes,Loss,-0.7,14:21,235,18:16
715,2025-07-27,RELIANCE,Energy,RSI,Bearish,1131,1136.31,21,111.51,Greed,Overtrading,1097.38,1179.67,33.62,48.67,1.45,Medium,Yes,Win,0.47,13:10,35,13:45
716,2026-02-25,TCS,IT,BREAKOUT,Volatile,2612,2556.95,85,-4679.25,Fear,Early Exit,2553.3,2677.26,58.7,65.26,1.11,Low,Yes,Loss,-2.11,11:34,172,14:26
717,2025-11-26,HDFCBANK,Banking,MACD,Bearish,1126,1181.28,40,2211.2,Greed,Overtrading,1112.74,1169.78,13.26,43.78,3.3,High,Yes,Win,4.91,14:52,13,15:05
718,2026-01-11,TCS,IT,MACD,Bearish,2348,2347.95,67,-3.35,Fear,No Mistake,2279.35,2431.09,68.65,83.09,1.21,Low,Yes,Loss,-0.0,11:33,55,12:28
719,2026-06-04,TCS,IT,BREAKOUT,Bearish,1910,1856.89,49,-2602.39,Fear,No Mistake,1886.2,1955.05,23.8,45.05,1.89,High,Yes,Loss,-2.78,11:45,14,11:59
720,2026-01-01,INFY,IT,BREAKOUT,Volatile,3140,3072.79,93,-6250.53,Fear,Early Exit,3050.62,3283.54,89.38,143.54,1.61,Medium,Yes,Loss,-2.14,12:55,207,16:22
721,2026-05-14,TCS,IT,BREAKOUT,Bearish,1085,1114.5,69,2035.5,Fear,Early Exit,1052.61,1142.26,32.39,57.26,1.77,High,Yes,Win,2.72,10:43,221,14:24
722,2025-11-27,ICICIBANK,Banking,MACD,Bearish,2869,2754.16,84,-9646.56,Confidence,No Mistake,2784.25,3016.03,84.75,147.03,1.73,Medium,Yes,Loss,-4.0,12:53,81,14:14
723,2026-01-18,HDFCBANK,Banking,RSI,Bullish,4288,4341.62,68,3646.16,Fear,Early Exit,4167.0,4543.79,121.0,255.79,2.11,Medium,Yes,Win,1.25,09:37,233,13:30
724,2025-11-30,RELIANCE,Energy,BREAKOUT,sideways,4229,4076.04,27,-4129.92,Confidence,Late Entry,4149.5,4480.51,79.5,251.51,3.16,Low,Yes,Loss,-3.62,11:43,205,15:08
725,2025-09-23,ICICIBANK,Banking,MACD,Bullish,4677,4764.18,53,4620.54,Confidence,Late Entry,4613.76,4837.76,63.24,160.76,2.54,Medium,Yes,Win,1.86,11:33,88,13:01
726,2025-11-22,INFY,IT,MACD,Bullish,3192,3337.52,20,2910.4,Confidence,No Mistake,3112.04,3326.64,79.96,134.64,1.68,Medium,Yes,Win,4.56,09:01,118,10:59
727,2025-06-22,TCS,IT,MACD,Volatile,2336,2236.66,74,-7351.16,Greed,No Mistake,2270.01,2456.7,65.99,120.7,1.83,Medium,No,Loss,-4.25,11:56,40,12:36
728,2025-12-24,ICICIBANK,Banking,RSI,sideways,4689,4685.59,50,-170.5,Greed,Overtrading,4616.86,4911.51,72.14,222.51,3.08,Medium,Yes,Loss,-0.07,13:42,179,16:41
729,2025-08-06,TCS,IT,RSI,Volatile,2055,2071.51,97,1601.47,Greed,Overtrading,2025.92,2151.61,29.08,96.61,3.32,High,Yes,Win,0.8,14:53,13,15:06
730,2025-12-23,RELIANCE,Energy,RSI,Bearish,2482,2381.34,97,-9764.02,Fear,Early Exit,2433.11,2626.17,48.89,144.17,2.95,High,Yes,Loss,-4.06,12:35,97,14:12
731,2026-04-10,ICICIBANK,Banking,MACD,Volatile,1305,1315.71,32,342.72,Fear,No Mistake,1277.71,1357.97,27.29,52.97,1.94,Medium,No,Win,0.82,14:31,192,17:43
732,2026-06-07,TCS,IT,BREAKOUT,Volatile,1797,1712.9,99,-8325.9,Greed,Overtrading,1743.24,1837.42,53.76,40.42,0.75,Medium,Yes,Loss,-4.68,13:29,133,15:42
733,2026-03-09,HDFCBANK,Banking,BREAKOUT,Bearish,1722,1661.88,17,-1022.04,Confidence,Late Entry,1690.66,1804.22,31.34,82.22,2.62,High,Yes,Loss,-3.49,13:35,74,14:49
734,2026-01-18,TCS,IT,BREAKOUT,Bullish,4845,4732.3,27,-3042.9,Greed,Overtrading,4759.03,5056.28,85.97,211.28,2.46,Medium,Yes,Loss,-2.33,14:36,196,17:52
735,2025-06-16,HDFCBANK,Banking,RSI,Volatile,1959,2050.45,69,6310.05,Fear,Early Exit,1904.18,2005.56,54.82,46.56,0.85,Medium,Yes,Win,4.67,11:01,20,11:21
736,2026-03-03,HDFCBANK,Banking,MACD,Bearish,2639,2707.92,32,2205.44,Confidence,No Mistake,2577.01,2740.83,61.99,101.83,1.64,High,Yes,Win,2.61,11:22,234,15:16
737,2025-12-02,HDFCBANK,Banking,BREAKOUT,Bearish,1823,1840.13,11,188.43,Confidence,Late Entry,1792.38,1904.77,30.62,81.77,2.67,Medium,Yes,Win,0.94,13:43,192,16:55
738,2025-12-17,ICICIBANK,Banking,MACD,Volatile,1361,1340.4,82,-1689.2,Fear,No Mistake,1338.78,1431.65,22.22,70.65,3.18,Low,Yes,Loss,-1.51,13:44,136,16:00
739,2025-10-31,INFY,IT,MACD,Volatile,2363,2387.86,49,1218.14,Fear,No Mistake,2303.61,2445.1,59.39,82.1,1.38,High,Yes,Win,1.05,11:00,108,12:48
740,2026-05-27,ICICIBANK,Banking,MACD,sideways,4249,4419.33,43,7324.19,Fear,Early Exit,4203.31,4336.62,45.69,87.62,1.92,High,Yes,Win,4.01,14:22,159,17:01
741,2026-04-02,INFY,IT,BREAKOUT,Bearish,3069,2971.52,13,-1267.24,Confidence,No Mistake,2993.02,3171.89,75.98,102.89,1.35,Low,No,Loss,-3.18,09:00,60,10:00
742,2025-07-04,INFY,IT,RSI,Bullish,4418,4432.8,49,725.2,Confidence,No Mistake,4363.28,4680.87,54.72,262.87,4.8,Medium,Yes,Win,0.33,11:58,109,13:47
743,2025-08-31,HDFCBANK,Banking,MACD,sideways,4770,4993.13,93,20751.09,Confidence,No Mistake,4649.97,4894.31,120.03,124.31,1.04,Medium,Yes,Win,4.68,09:20,126,11:26
744,2025-10-05,INFY,IT,BREAKOUT,Volatile,1653,1648.6,16,-70.4,Confidence,No Mistake,1618.14,1744.35,34.86,91.35,2.62,High,Yes,Loss,-0.27,14:07,76,15:23
745,2026-01-02,RELIANCE,Energy,RSI,Bearish,2071,2041.02,93,-2788.14,Fear,No Mistake,2016.97,2173.12,54.03,102.12,1.89,High,Yes,Loss,-1.45,14:54,42,15:36
746,2026-02-24,RELIANCE,Energy,RSI,sideways,3981,4123.44,83,11822.52,Fear,Early Exit,3920.92,4162.24,60.08,181.24,3.02,Medium,Yes,Win,3.58,12:34,5,12:39
747,2026-02-01,INFY,IT,MACD,sideways,4059,3893.01,11,-1825.89,Fear,Early Exit,3978.7,4187.21,80.3,128.21,1.6,Low,Yes,Loss,-4.09,12:53,85,14:18
748,2026-02-14,ICICIBANK,Banking,RSI,Volatile,3268,3376.15,24,2595.6,Confidence,Late Entry,3226.24,3429.02,41.76,161.02,3.86,Medium,Yes,Win,3.31,14:07,49,14:56
749,2025-08-11,HDFCBANK,Banking,RSI,Bearish,1454,1496.12,34,1432.08,Fear,Early Exit,1416.4,1514.68,37.6,60.68,1.61,Low,Yes,Win,2.9,09:00,116,10:56
750,2025-12-14,ICICIBANK,Banking,RSI,sideways,4950,5030.01,69,5520.69,Fear,Early Exit,4816.9,5142.24,133.1,192.24,1.44,Medium,Yes,Win,1.62,13:12,10,13:22
751,2025-06-12,INFY,IT,BREAKOUT,Bearish,4151,4010.96,72,-10082.88,Fear,No Mistake,4095.22,4346.2,55.78,195.2,3.5,Low,Yes,Loss,-3.37,13:32,217,17:09
752,2026-01-26,INFY,IT,MACD,Bearish,3766,3635.84,89,-11584.24,Confidence,Late Entry,3660.32,3965.82,105.68,199.82,1.89,High,Yes,Loss,-3.46,11:37,187,14:44
753,2025-11-21,ICICIBANK,Banking,BREAKOUT,Volatile,1696,1779.74,35,2930.9,Greed,Overtrading,1666.89,1778.16,29.11,82.16,2.82,High,Yes,Win,4.94,13:37,116,15:33
754,2026-04-29,INFY,IT,BREAKOUT,Volatile,3395,3469.61,19,1417.59,Greed,No Mistake,3313.68,3521.22,81.32,126.22,1.55,Low,No,Win,2.2,13:20,174,16:14
755,2025-07-07,RELIANCE,Energy,MACD,Bullish,4691,4774.55,64,5347.2,Fear,Early Exit,4631.77,4876.71,59.23,185.71,3.14,Medium,Yes,Win,1.78,10:19,204,13:43
756,2026-02-20,TCS,IT,MACD,Bearish,3419,3485.37,74,4911.38,Greed,Overtrading,3330.55,3583.08,88.45,164.08,1.86,Medium,Yes,Win,1.94,12:02,34,12:36
757,2026-03-12,HDFCBANK,Banking,MACD,Volatile,2981,2893.94,84,-7313.04,Greed,Overtrading,2949.32,3131.58,31.68,150.58,4.75,Medium,Yes,Loss,-2.92,13:59,62,15:01
758,2026-03-08,RELIANCE,Energy,BREAKOUT,Bullish,4300,4375.73,97,7345.81,Confidence,No Mistake,4232.38,4483.15,67.62,183.15,2.71,Medium,Yes,Win,1.76,09:49,62,10:51
759,2026-05-31,HDFCBANK,Banking,RSI,Bearish,3931,3988.05,39,2224.95,Fear,Early Exit,3870.61,4044.31,60.39,113.31,1.88,Low,No,Win,1.45,09:38,8,09:46
760,2026-03-06,ICICIBANK,Banking,BREAKOUT,Bullish,4007,3951.83,73,-4027.41,Fear,No Mistake,3948.19,4197.5,58.81,190.5,3.24,High,Yes,Loss,-1.38,14:04,40,14:44
761,2025-10-01,HDFCBANK,Banking,RSI,Bullish,1526,1592.3,83,5502.9,Greed,Overtrading,1499.19,1603.86,26.81,77.86,2.9,Low,Yes,Win,4.34,11:15,109,13:04
762,2025-08-08,HDFCBANK,Banking,RSI,Volatile,1253,1217.74,89,-3138.14,Greed,Overtrading,1216.34,1292.07,36.66,39.07,1.07,High,Yes,Loss,-2.81,10:00,33,10:33
763,2026-04-15,TCS,IT,MACD,Bullish,2896,2993.5,65,6337.5,Greed,No Mistake,2841.98,3007.4,54.02,111.4,2.06,High,No,Win,3.37,10:05,166,12:51
764,2025-10-19,RELIANCE,Energy,MACD,Volatile,3896,3806.13,57,-5122.59,Fear,Early Exit,3838.26,4001.38,57.74,105.38,1.83,Medium,No,Loss,-2.31,12:16,205,15:41
765,2026-04-11,INFY,IT,RSI,sideways,3392,3343.08,58,-2837.36,Confidence,No Mistake,3350.42,3477.19,41.58,85.19,2.05,High,Yes,Loss,-1.44,13:38,33,14:11
766,2025-06-08,HDFCBANK,Banking,RSI,Volatile,3012,3086.8,20,1496.0,Greed,Overtrading,2961.3,3142.3,50.7,130.3,2.57,Medium,Yes,Win,2.48,11:07,123,13:10
767,2025-08-25,RELIANCE,Energy,MACD,Bullish,1604,1676.82,81,5898.42,Greed,Overtrading,1567.09,1680.62,36.91,76.62,2.08,High,No,Win,4.54,10:01,150,12:31
768,2025-09-26,TCS,IT,RSI,Bearish,2869,2768.03,38,-3836.86,Greed,No Mistake,2813.15,3014.39,55.85,145.39,2.6,Low,Yes,Loss,-3.52,10:40,221,14:21
769,2025-12-29,TCS,IT,BREAKOUT,Bearish,2164,2226.92,17,1069.64,Greed,Overtrading,2114.76,2255.88,49.24,91.88,1.87,Medium,No,Win,2.91,09:52,100,11:32
770,2025-12-28,INFY,IT,RSI,Bearish,4152,4003.32,81,-12043.08,Greed,Overtrading,4091.53,4369.11,60.47,217.11,3.59,Medium,Yes,Loss,-3.58,10:48,57,11:45
771,2025-09-07,HDFCBANK,Banking,MACD,sideways,2626,2545.86,77,-6170.78,Confidence,No Mistake,2588.47,2709.37,37.53,83.37,2.22,High,Yes,Loss,-3.05,14:54,214,18:28
772,2025-10-30,TCS,IT,MACD,sideways,1054,1078.31,76,1847.56,Greed,Overtrading,1032.09,1103.85,21.91,49.85,2.28,Medium,Yes,Win,2.31,10:47,45,11:32
773,2025-08-14,ICICIBANK,Banking,RSI,Volatile,2405,2389.07,63,-1003.59,Confidence,No Mistake,2357.07,2503.2,47.93,98.2,2.05,Medium,No,Loss,-0.66,09:34,108,11:22
774,2025-10-09,ICICIBANK,Banking,RSI,Bearish,2858,2742.16,95,-11004.8,Confidence,No Mistake,2814.02,3027.58,43.98,169.58,3.86,Low,Yes,Loss,-4.05,10:30,118,12:28
775,2025-08-29,TCS,IT,RSI,Bullish,4009,4204.5,36,7038.0,Greed,Overtrading,3965.61,4238.81,43.39,229.81,5.3,High,No,Win,4.88,13:21,195,16:36
776,2026-03-15,RELIANCE,Energy,RSI,Volatile,1633,1670.25,60,2235.0,Greed,No Mistake,1590.12,1725.7,42.88,92.7,2.16,Medium,Yes,Win,2.28,13:21,223,17:04
777,2026-05-18,INFY,IT,RSI,Bullish,2530,2589.11,69,4078.59,Fear,Early Exit,2485.36,2625.53,44.64,95.53,2.14,Medium,Yes,Win,2.34,12:14,72,13:26
778,2025-09-25,RELIANCE,Energy,MACD,Bearish,3546,3555.78,10,97.8,Confidence,No Mistake,3491.21,3706.52,54.79,160.52,2.93,Medium,Yes,Win,0.28,14:40,84,16:04
779,2026-04-04,HDFCBANK,Banking,BREAKOUT,Bullish,3419,3513.42,67,6326.14,Confidence,Late Entry,3360.65,3527.46,58.35,108.46,1.86,Medium,Yes,Win,2.76,10:25,119,12:24
780,2025-11-22,HDFCBANK,Banking,MACD,sideways,1249,1223.48,32,-816.64,Fear,Early Exit,1229.18,1275.96,19.82,26.96,1.36,Low,Yes,Loss,-2.04,14:33,213,18:06
781,2025-06-14,HDFCBANK,Banking,BREAKOUT,Volatile,1252,1227.63,67,-1632.79,Confidence,No Mistake,1222.76,1283.64,29.24,31.64,1.08,Medium,Yes,Loss,-1.95,10:01,147,12:28
782,2026-04-09,HDFCBANK,Banking,BREAKOUT,Bullish,3326,3402.24,96,7319.04,Confidence,No Mistake,3270.25,3447.65,55.75,121.65,2.18,Low,Yes,Win,2.29,10:48,155,13:23
783,2026-04-23,RELIANCE,Energy,BREAKOUT,Bearish,2656,2591.89,59,-3782.49,Greed,Overtrading,2583.54,2743.11,72.46,87.11,1.2,High,No,Loss,-2.41,14:38,175,17:33
784,2025-12-16,RELIANCE,Energy,MACD,sideways,2022,1922.95,64,-6339.2,Greed,No Mistake,1975.94,2120.89,46.06,98.89,2.15,Medium,Yes,Loss,-4.9,12:30,168,15:18
785,2025-09-13,INFY,IT,BREAKOUT,Bullish,4215,4202.02,41,-532.18,Greed,No Mistake,4146.41,4398.24,68.59,183.24,2.67,Medium,No,Loss,-0.31,12:47,229,16:36
786,2025-09-10,RELIANCE,Energy,MACD,sideways,3322,3242.96,41,-3240.64,Confidence,No Mistake,3272.28,3486.1,49.72,164.1,3.3,Medium,No,Loss,-2.38,10:36,201,13:57
787,2025-11-01,RELIANCE,Energy,BREAKOUT,sideways,3450,3335.47,11,-1259.83,Greed,Overtrading,3385.35,3597.29,64.65,147.29,2.28,Medium,Yes,Loss,-3.32,10:04,8,10:12
788,2026-03-04,RELIANCE,Energy,RSI,Volatile,1008,1036.42,38,1079.96,Confidence,No Mistake,985.82,1045.22,22.18,37.22,1.68,Medium,Yes,Win,2.82,11:26,215,15:01
789,2026-05-15,INFY,IT,MACD,sideways,4318,4263.73,95,-5155.65,Fear,Early Exit,4249.15,4509.62,68.85,191.62,2.78,High,No,Loss,-1.26,10:06,130,12:16
790,2025-11-21,RELIANCE,Energy,RSI,Volatile,2464,2514.69,37,1875.53,Fear,No Mistake,2431.66,2558.02,32.34,94.02,2.91,Medium,Yes,Win,2.06,11:01,89,12:30
791,2025-07-04,ICICIBANK,Banking,BREAKOUT,Bullish,3144,3092.74,15,-768.9,Fear,Early Exit,3065.8,3295.78,78.2,151.78,1.94,High,Yes,Loss,-1.63,10:01,7,10:08
792,2025-08-09,ICICIBANK,Banking,RSI,Volatile,2617,2643.07,62,1616.34,Fear,Early Exit,2579.36,2772.23,37.64,155.23,4.12,High,Yes,Win,1.0,12:52,94,14:26
793,2026-02-04,RELIANCE,Energy,MACD,Bearish,3086,3104.84,37,697.08,Fear,Early Exit,3030.84,3242.93,55.16,156.93,2.84,Medium,Yes,Win,0.61,09:58,88,11:26
794,2025-08-28,INFY,IT,BREAKOUT,Volatile,3259,3371.68,66,7436.88,Fear,Early Exit,3173.22,3342.89,85.78,83.89,0.98,Medium,Yes,Win,3.46,13:08,153,15:41
795,2026-05-26,TCS,IT,BREAKOUT,Bearish,3454,3562.93,86,9367.98,Fear,Early Exit,3393.2,3546.86,60.8,92.86,1.53,Medium,Yes,Win,3.15,10:32,88,12:00
796,2025-11-14,RELIANCE,Energy,MACD,Bearish,1853,1929.22,75,5716.5,Confidence,No Mistake,1809.05,1955.16,43.95,102.16,2.32,Medium,Yes,Win,4.11,12:36,26,13:02
797,2025-08-01,HDFCBANK,Banking,RSI,Bullish,2765,2882.16,95,11130.2,Fear,Early Exit,2711.58,2824.74,53.42,59.74,1.12,High,Yes,Win,4.24,12:22,229,16:11
798,2025-12-15,RELIANCE,Energy,RSI,sideways,4928,4723.96,84,-17139.36,Confidence,No Mistake,4798.78,5076.16,129.22,148.16,1.15,High,Yes,Loss,-4.14,10:20,191,13:31
799,2025-08-09,RELIANCE,Energy,BREAKOUT,Bearish,3055,3173.81,95,11286.95,Confidence,No Mistake,2996.74,3224.54,58.26,169.54,2.91,Medium,Yes,Win,3.89,12:58,228,16:46
800,2026-01-29,RELIANCE,Energy,BREAKOUT,sideways,3168,3072.33,82,-7844.94,Confidence,No Mistake,3125.03,3269.64,42.97,101.64,2.37,High,Yes,Loss,-3.02,12:49,9,12:58
801,2026-04-13,TCS,IT,RSI,Volatile,3784,3671.19,38,-4286.78,Confidence,No Mistake,3678.26,3949.81,105.74,165.81,1.57,Low,Yes,Loss,-2.98,14:55,225,18:40
802,2026-06-05,RELIANCE,Energy,BREAKOUT,Volatile,4300,4193.79,49,-5204.29,Fear,Early Exit,4219.54,4472.1,80.46,172.1,2.14,Medium,Yes,Loss,-2.47,14:30,79,15:49
803,2025-11-15,TCS,IT,MACD,Bearish,2467,2373.33,18,-1686.06,Confidence,No Mistake,2405.74,2568.88,61.26,101.88,1.66,Low,Yes,Loss,-3.8,11:16,181,14:17
804,2025-08-24,ICICIBANK,Banking,MACD,Volatile,4847,4774.17,16,-1165.28,Confidence,No Mistake,4780.86,5125.07,66.14,278.07,4.2,Medium,Yes,Loss,-1.5,14:20,17,14:37
805,2025-07-26,HDFCBANK,Banking,BREAKOUT,Volatile,1949,2037.66,19,1684.54,Confidence,No Mistake,1896.78,2053.97,52.22,104.97,2.01,Medium,Yes,Win,4.55,14:33,7,14:40
806,2025-10-02,RELIANCE,Energy,MACD,Bearish,4273,4484.37,98,20714.26,Greed,No Mistake,4165.17,4436.3,107.83,163.3,1.51,Medium,Yes,Win,4.95,14:15,223,17:58
807,2026-05-18,HDFCBANK,Banking,MACD,Bearish,3726,3555.43,65,-11087.05,Fear,Early Exit,3681.29,3923.89,44.71,197.89,4.43,Low,No,Loss,-4.58,11:38,160,14:18
808,2026-05-11,ICICIBANK,Banking,BREAKOUT,Bearish,2405,2347.43,81,-4663.17,Fear,Early Exit,2345.59,2544.72,59.41,139.72,2.35,Low,No,Loss,-2.39,09:04,212,12:36
809,2025-12-03,ICICIBANK,Banking,BREAKOUT,Bearish,1912,1827.59,93,-7850.13,Greed,Overtrading,1870.8,1956.99,41.2,44.99,1.09,Medium,Yes,Loss,-4.41,11:41,155,14:16
810,2025-12-16,HDFCBANK,Banking,BREAKOUT,Bearish,4898,4711.07,48,-8972.64,Confidence,Late Entry,4803.55,5068.06,94.45,170.06,1.8,Medium,Yes,Loss,-3.82,13:44,115,15:39
811,2025-07-07,TCS,IT,BREAKOUT,Bullish,4163,4358.69,93,18199.17,Fear,Early Exit,4038.66,4354.34,124.34,191.34,1.54,Medium,Yes,Win,4.7,11:24,206,14:50
812,2025-06-26,RELIANCE,Energy,MACD,Volatile,1672,1712.13,35,1404.55,Confidence,No Mistake,1622.55,1754.24,49.45,82.24,1.66,Low,Yes,Win,2.4,12:12,47,12:59
813,2025-09-12,TCS,IT,BREAKOUT,Bearish,4446,4602.65,28,4386.2,Confidence,No Mistake,4383.87,4601.88,62.13,155.88,2.51,Low,Yes,Win,3.52,11:55,231,15:46
814,2026-05-13,ICICIBANK,Banking,RSI,Bullish,4578,4426.08,18,-2734.56,Confidence,No Mistake,4527.22,4781.18,50.78,203.18,4.0,Medium,Yes,Loss,-3.32,11:50,77,13:07
815,2025-11-03,RELIANCE,Energy,RSI,Bearish,1492,1452.53,61,-2407.67,Fear,Early Exit,1466.57,1524.04,25.43,32.04,1.26,Low,Yes,Loss,-2.65,12:20,6,12:26
816,2025-09-05,TCS,IT,RSI,Volatile,2187,2119.98,17,-1139.34,Confidence,No Mistake,2157.5,2306.15,29.5,119.15,4.04,Medium,Yes,Loss,-3.06,14:28,45,15:13
817,2025-10-31,ICICIBANK,Banking,BREAKOUT,Bearish,1509,1517.06,81,652.86,Greed,Overtrading,1483.86,1574.17,25.14,65.17,2.59,Low,Yes,Win,0.53,09:33,189,12:42
818,2025-07-21,INFY,IT,MACD,sideways,4400,4584.93,22,4068.46,Confidence,No Mistake,4329.92,4607.37,70.08,207.37,2.96,High,Yes,Win,4.2,14:36,187,17:43
819,2025-11-26,INFY,IT,RSI,Bullish,3194,3120.62,45,-3302.1,Greed,No Mistake,3161.83,3263.85,32.17,69.85,2.17,Medium,Yes,Loss,-2.3,13:25,186,16:31
820,2026-03-01,HDFCBANK,Banking,BREAKOUT,Bullish,3297,3160.39,92,-12568.12,Fear,Early Exit,3219.33,3427.28,77.67,130.28,1.68,High,Yes,Loss,-4.14,09:21,105,11:06
821,2026-02-08,TCS,IT,BREAKOUT,Bearish,2515,2406.91,84,-9079.56,Greed,No Mistake,2448.94,2598.62,66.06,83.62,1.27,High,Yes,Loss,-4.3,12:25,184,15:29
822,2025-07-08,RELIANCE,Energy,BREAKOUT,Bullish,2088,2050.58,21,-785.82,Confidence,No Mistake,2065.92,2167.84,22.08,79.84,3.62,Medium,Yes,Loss,-1.79,09:51,84,11:15
823,2025-07-15,ICICIBANK,Banking,BREAKOUT,Bearish,1603,1547.25,72,-4014.0,Greed,Overtrading,1565.91,1689.53,37.09,86.53,2.33,Medium,Yes,Loss,-3.48,12:34,119,14:33
824,2026-04-25,RELIANCE,Energy,RSI,Volatile,4897,5063.51,60,9990.6,Greed,Overtrading,4752.26,5026.5,144.74,129.5,0.89,Low,Yes,Win,3.4,12:47,214,16:21
825,2026-05-15,INFY,IT,RSI,Bearish,4794,4562.25,30,-6952.5,Fear,Early Exit,4698.53,4930.6,95.47,136.6,1.43,Medium,Yes,Loss,-4.83,14:30,31,15:01
826,2026-05-08,RELIANCE,Energy,MACD,sideways,3033,2939.61,31,-2895.09,Confidence,Late Entry,2948.18,3141.02,84.82,108.02,1.27,High,No,Loss,-3.08,11:19,56,12:15
827,2025-11-10,ICICIBANK,Banking,BREAKOUT,Volatile,4310,4261.52,10,-484.8,Confidence,No Mistake,4184.51,4467.55,125.49,157.55,1.26,High,Yes,Loss,-1.12,11:49,52,12:41
828,2026-01-06,HDFCBANK,Banking,BREAKOUT,Volatile,2780,2656.68,80,-9865.6,Fear,Early Exit,2745.35,2895.93,34.65,115.93,3.35,Medium,Yes,Loss,-4.44,09:28,178,12:26
829,2025-12-12,TCS,IT,RSI,Bearish,3622,3501.96,54,-6482.16,Fear,Early Exit,3545.22,3721.69,76.78,99.69,1.3,Medium,No,Loss,-3.31,12:15,209,15:44
830,2025-12-17,HDFCBANK,Banking,MACD,Bullish,4438,4621.83,81,14890.23,Confidence,Late Entry,4316.17,4664.03,121.83,226.03,1.86,Low,Yes,Win,4.14,12:19,81,13:40
831,2025-10-03,RELIANCE,Energy,RSI,Bearish,3639,3672.71,63,2123.73,Confidence,No Mistake,3546.05,3796.75,92.95,157.75,1.7,Medium,Yes,Win,0.93,12:19,112,14:11
832,2026-02-27,ICICIBANK,Banking,BREAKOUT,Volatile,1551,1556.65,84,474.6,Fear,No Mistake,1512.74,1620.24,38.26,69.24,1.81,High,Yes,Win,0.36,12:35,145,15:00
833,2025-07-19,INFY,IT,BREAKOUT,Bearish,4131,4209.33,63,4934.79,Fear,Early Exit,4009.63,4378.74,121.37,247.74,2.04,Medium,No,Win,1.9,11:43,215,15:18
834,2025-12-09,TCS,IT,BREAKOUT,sideways,4310,4257.48,42,-2205.84,Confidence,No Mistake,4195.8,4522.17,114.2,212.17,1.86,Medium,Yes,Loss,-1.22,14:06,40,14:46
835,2025-10-19,HDFCBANK,Banking,RSI,sideways,2990,2849.6,65,-9126.0,Fear,No Mistake,2925.7,3111.72,64.3,121.72,1.89,Medium,Yes,Loss,-4.7,14:35,183,17:38
836,2025-08-17,HDFCBANK,Banking,RSI,Volatile,4230,4114.01,94,-10903.06,Confidence,No Mistake,4166.92,4398.09,63.08,168.09,2.66,Medium,Yes,Loss,-2.74,10:50,5,10:55
837,2026-05-17,TCS,IT,RSI,Volatile,2055,2017.71,22,-820.38,Confidence,No Mistake,2010.59,2172.62,44.41,117.62,2.65,Low,Yes,Loss,-1.81,12:20,197,15:37
838,2026-04-25,HDFCBANK,Banking,MACD,Bearish,3428,3438.81,80,864.8,Confidence,No Mistake,3350.43,3616.81,77.57,188.81,2.43,High,Yes,Win,0.32,09:42,173,12:35
839,2025-10-16,RELIANCE,Energy,RSI,Bearish,1240,1260.45,17,347.65,Fear,Early Exit,1217.47,1273.43,22.53,33.43,1.48,Medium,Yes,Win,1.65,14:44,99,16:23
840,2025-06-25,HDFCBANK,Banking,RSI,Volatile,1554,1599.15,75,3386.25,Fear,Early Exit,1532.33,1636.68,21.67,82.68,3.82,Medium,Yes,Win,2.91,09:56,213,13:29
841,2026-02-04,INFY,IT,RSI,Bearish,2376,2288.99,85,-7395.85,Greed,Overtrading,2331.57,2476.65,44.43,100.65,2.27,High,Yes,Loss,-3.66,09:24,237,13:21
842,2026-04-25,ICICIBANK,Banking,BREAKOUT,Bullish,2975,2885.54,41,-3667.86,Greed,No Mistake,2903.92,3077.2,71.08,102.2,1.44,Medium,Yes,Loss,-3.01,12:20,108,14:08
843,2026-01-22,TCS,IT,RSI,Bearish,4032,4213.35,59,10699.65,Confidence,No Mistake,3947.34,4195.47,84.66,163.47,1.93,High,Yes,Win,4.5,11:39,39,12:18
844,2025-09-03,ICICIBANK,Banking,BREAKOUT,sideways,2313,2215.83,83,-8065.11,Confidence,No Mistake,2257.88,2397.97,55.12,84.97,1.54,High,No,Loss,-4.2,09:33,113,11:26
845,2026-02-19,RELIANCE,Energy,RSI,Bearish,4072,4012.64,91,-5401.76,Fear,Early Exit,3985.2,4187.51,86.8,115.51,1.33,Low,Yes,Loss,-1.46,14:40,65,15:45
846,2026-02-06,INFY,IT,MACD,sideways,4622,4681.05,89,5255.45,Greed,Overtrading,4574.87,4875.53,47.13,253.53,5.38,Medium,Yes,Win,1.28,13:45,204,17:09
847,2026-01-25,TCS,IT,RSI,sideways,1008,1020.35,22,271.7,Fear,Early Exit,995.86,1036.08,12.14,28.08,2.31,Low,Yes,Win,1.23,13:52,146,16:18
848,2025-11-20,HDFCBANK,Banking,BREAKOUT,Volatile,2323,2382.63,72,4293.36,Confidence,No Mistake,2288.77,2428.7,34.23,105.7,3.09,Low,Yes,Win,2.57,09:17,190,12:27
849,2025-11-11,HDFCBANK,Banking,MACD,Volatile,2544,2537.8,56,-347.2,Confidence,Late Entry,2492.13,2631.88,51.87,87.88,1.69,High,Yes,Loss,-0.24,13:46,197,17:03
850,2025-07-07,RELIANCE,Energy,RSI,Volatile,3809,3913.53,18,1881.54,Fear,Early Exit,3702.07,3954.4,106.93,145.4,1.36,Medium,No,Win,2.74,11:29,50,12:19
851,2026-02-17,INFY,IT,BREAKOUT,Bearish,2152,2242.94,34,3091.96,Fear,No Mistake,2123.31,2206.39,28.69,54.39,1.9,Medium,Yes,Win,4.23,11:31,186,14:37
852,2025-06-08,INFY,IT,MACD,Bullish,1492,1543.38,83,4264.54,Confidence,No Mistake,1463.34,1546.5,28.66,54.5,1.9,Low,Yes,Win,3.44,12:30,107,14:17
853,2025-10-30,TCS,IT,RSI,Volatile,4172,4152.94,97,-1848.82,Fear,Early Exit,4046.95,4256.27,125.05,84.27,0.67,Medium,Yes,Loss,-0.46,12:06,30,12:36
854,2025-08-01,ICICIBANK,Banking,BREAKOUT,sideways,4814,4881.64,96,6493.44,Greed,No Mistake,4692.53,5019.7,121.47,205.7,1.69,Medium,Yes,Win,1.41,09:11,55,10:06
855,2025-07-15,ICICIBANK,Banking,BREAKOUT,Bullish,4999,5240.35,92,22204.2,Fear,Early Exit,4911.59,5135.94,87.41,136.94,1.57,Low,Yes,Win,4.83,13:34,68,14:42
856,2026-01-19,RELIANCE,Energy,BREAKOUT,Volatile,3164,3130.39,19,-638.59,Fear,Early Exit,3092.74,3252.89,71.26,88.89,1.25,High,Yes,Loss,-1.06,13:38,51,14:29
857,2026-04-10,TCS,IT,BREAKOUT,Bearish,1087,1127.19,47,1888.93,Greed,Overtrading,1065.49,1144.71,21.51,57.71,2.68,Medium,Yes,Win,3.7,12:06,74,13:20
858,2025-09-06,HDFCBANK,Banking,MACD,Bearish,2485,2602.11,83,9720.13,Confidence,No Mistake,2437.36,2630.62,47.64,145.62,3.06,High,No,Win,4.71,13:57,156,16:33
859,2026-04-26,INFY,IT,MACD,Volatile,2691,2687.54,66,-228.36,Fear,Early Exit,2659.15,2780.39,31.85,89.39,2.81,Medium,Yes,Loss,-0.13,12:28,9,12:37
860,2026-02-19,INFY,IT,RSI,Volatile,3200,3221.48,28,601.44,Greed,Overtrading,3109.8,3387.37,90.2,187.37,2.08,Medium,Yes,Win,0.67,14:24,9,14:33
861,2026-05-09,TCS,IT,RSI,Bearish,4211,4296.47,22,1880.34,Greed,Overtrading,4099.99,4320.52,111.01,109.52,0.99,Medium,Yes,Win,2.03,13:02,26,13:28
862,2025-11-17,RELIANCE,Energy,BREAKOUT,Bearish,2269,2358.98,65,5848.7,Confidence,No Mistake,2242.07,2399.82,26.93,130.82,4.86,Low,Yes,Win,3.97,11:47,126,13:53
863,2026-02-04,TCS,IT,BREAKOUT,sideways,3603,3762.07,36,5726.52,Confidence,No Mistake,3532.35,3720.8,70.65,117.8,1.67,High,Yes,Win,4.41,12:36,228,16:24
864,2025-11-04,INFY,IT,RSI,Bearish,3805,3970.14,95,15688.3,Fear,Early Exit,3728.14,4008.41,76.86,203.41,2.65,Medium,Yes,Win,4.34,13:19,134,15:33
865,2026-04-02,INFY,IT,RSI,Bullish,4238,4036.18,96,-19374.72,Fear,No Mistake,4172.83,4413.04,65.17,175.04,2.69,Low,Yes,Loss,-4.76,10:59,228,14:47
866,2025-06-28,TCS,IT,RSI,Bullish,2324,2244.8,67,-5306.4,Confidence,No Mistake,2264.13,2423.39,59.87,99.39,1.66,Low,Yes,Loss,-3.41,13:40,146,16:06
867,2025-10-12,HDFCBANK,Banking,MACD,sideways,4643,4800.0,72,11304.0,Fear,No Mistake,4592.41,4806.15,50.59,163.15,3.22,Medium,Yes,Win,3.38,14:22,172,17:14
868,2026-04-05,INFY,IT,MACD,Bearish,1921,1932.35,23,261.05,Confidence,No Mistake,1874.01,2007.6,46.99,86.6,1.84,Medium,Yes,Win,0.59,11:53,194,15:07
869,2025-12-27,TCS,IT,RSI,sideways,3804,3650.33,69,-10603.23,Greed,Overtrading,3699.96,4011.17,104.04,207.17,1.99,Medium,Yes,Loss,-4.04,12:09,203,15:32
870,2025-06-21,RELIANCE,Energy,MACD,sideways,1537,1466.37,90,-6356.7,Confidence,No Mistake,1494.37,1623.0,42.63,86.0,2.02,Medium,Yes,Loss,-4.6,14:30,24,14:54
871,2025-07-17,INFY,IT,RSI,Volatile,2797,2704.78,49,-4518.78,Fear,Early Exit,2724.2,2919.86,72.8,122.86,1.69,Medium,Yes,Loss,-3.3,11:37,213,15:10
872,2026-04-19,INFY,IT,RSI,Volatile,2355,2441.84,14,1215.76,Greed,Overtrading,2311.87,2417.35,43.13,62.35,1.45,High,Yes,Win,3.69,09:21,22,09:43
873,2026-06-06,TCS,IT,MACD,Bearish,1158,1138.71,14,-270.06,Fear,Early Exit,1141.05,1202.61,16.95,44.61,2.63,High,Yes,Loss,-1.67,09:24,192,12:36
874,2025-11-04,HDFCBANK,Banking,BREAKOUT,Bearish,3819,3958.77,43,6010.11,Greed,Overtrading,3733.53,4045.26,85.47,226.26,2.65,Low,Yes,Win,3.66,14:49,141,17:10
875,2026-04-19,INFY,IT,MACD,Bullish,1179,1121.09,45,-2605.95,Fear,No Mistake,1163.11,1224.97,15.89,45.97,2.89,High,Yes,Loss,-4.91,11:15,69,12:24
876,2026-05-21,ICICIBANK,Banking,RSI,Bearish,1946,1919.96,63,-1640.52,Greed,No Mistake,1916.73,2037.6,29.27,91.6,3.13,Low,Yes,Loss,-1.34,10:41,102,12:23
877,2026-03-26,ICICIBANK,Banking,BREAKOUT,Bearish,3039,3068.53,47,1387.91,Greed,No Mistake,2950.48,3193.44,88.52,154.44,1.74,Medium,Yes,Win,0.97,14:54,83,16:17
878,2026-02-02,TCS,IT,MACD,Volatile,1860,1910.69,10,506.9,Confidence,Late Entry,1832.53,1949.01,27.47,89.01,3.24,High,Yes,Win,2.73,09:53,47,10:40
879,2025-09-14,HDFCBANK,Banking,MACD,Volatile,1641,1695.71,75,4103.25,Fear,Early Exit,1616.86,1706.97,24.14,65.97,2.73,Low,Yes,Win,3.33,13:40,139,15:59
880,2025-09-01,INFY,IT,MACD,Bearish,4102,4118.33,77,1257.41,Confidence,No Mistake,4049.7,4190.12,52.3,88.12,1.68,Medium,No,Win,0.4,11:10,197,14:27
881,2026-04-14,RELIANCE,Energy,MACD,Volatile,4192,4074.69,62,-7273.22,Fear,Early Exit,4137.63,4393.81,54.37,201.81,3.71,High,Yes,Loss,-2.8,11:46,182,14:48
882,2025-09-04,HDFCBANK,Banking,MACD,Bullish,3290,3287.3,41,-110.7,Greed,No Mistake,3207.81,3384.89,82.19,94.89,1.15,Low,Yes,Loss,-0.08,12:57,118,14:55
883,2026-05-29,INFY,IT,RSI,Bullish,1080,1071.55,36,-304.2,Confidence,Late Entry,1057.61,1135.85,22.39,55.85,2.49,Medium,Yes,Loss,-0.78,12:58,145,15:23
884,2026-03-16,HDFCBANK,Banking,BREAKOUT,Bullish,4340,4200.83,79,-10994.43,Fear,Early Exit,4224.14,4477.2,115.86,137.2,1.18,Low,Yes,Loss,-3.21,09:28,22,09:50
885,2026-05-19,HDFCBANK,Banking,RSI,Bearish,4286,4251.89,68,-2319.48,Fear,Early Exit,4194.52,4536.39,91.48,250.39,2.74,High,Yes,Loss,-0.8,10:55,174,13:49
886,2025-09-15,RELIANCE,Energy,BREAKOUT,Bearish,4605,4614.09,58,527.22,Fear,Early Exit,4482.71,4767.06,122.29,162.06,1.33,High,Yes,Win,0.2,11:02,30,11:32
887,2025-06-15,TCS,IT,BREAKOUT,Volatile,4976,4801.2,21,-3670.8,Fear,Early Exit,4866.36,5080.93,109.64,104.93,0.96,Low,Yes,Loss,-3.51,13:29,202,16:51
888,2025-08-10,RELIANCE,Energy,MACD,Bullish,2967,2837.14,46,-5973.56,Fear,Early Exit,2882.65,3108.44,84.35,141.44,1.68,High,No,Loss,-4.38,13:54,163,16:37
889,2025-06-28,INFY,IT,BREAKOUT,Bullish,1215,1238.17,48,1112.16,Confidence,No Mistake,1190.21,1275.14,24.79,60.14,2.43,Medium,No,Win,1.91,14:02,149,16:31
890,2026-02-07,ICICIBANK,Banking,RSI,Bearish,1315,1314.79,76,-15.96,Fear,No Mistake,1285.5,1363.73,29.5,48.73,1.65,Medium,Yes,Loss,-0.02,12:53,203,16:16
891,2026-05-13,RELIANCE,Energy,MACD,Bearish,3450,3386.29,21,-1337.91,Fear,Early Exit,3348.56,3565.57,101.44,115.57,1.14,Low,Yes,Loss,-1.85,13:50,226,17:36
892,2025-12-25,ICICIBANK,Banking,MACD,Bearish,4786,4981.63,89,17411.07,Greed,Overtrading,4683.62,5014.69,102.38,228.69,2.23,High,Yes,Win,4.09,10:50,151,13:21
893,2025-10-11,ICICIBANK,Banking,BREAKOUT,sideways,2524,2516.96,56,-394.24,Confidence,No Mistake,2461.26,2575.05,62.74,51.05,0.81,Medium,No,Loss,-0.28,10:24,48,11:12
894,2025-09-26,HDFCBANK,Banking,RSI,Bullish,3177,3211.41,95,3268.95,Fear,Early Exit,3106.99,3251.98,70.01,74.98,1.07,Medium,Yes,Win,1.08,12:29,41,13:10
895,2025-10-31,HDFCBANK,Banking,BREAKOUT,Bullish,2190,2283.66,15,1404.9,Greed,Overtrading,2127.25,2299.91,62.75,109.91,1.75,Medium,No,Win,4.28,11:40,28,12:08
896,2025-06-11,INFY,IT,MACD,Volatile,3304,3383.97,52,4158.44,Greed,No Mistake,3205.39,3501.66,98.61,197.66,2.0,Medium,Yes,Win,2.42,13:59,105,15:44
897,2026-05-17,TCS,IT,BREAKOUT,Bullish,1971,1944.48,45,-1193.4,Greed,Overtrading,1920.19,2048.25,50.81,77.25,1.52,Medium,Yes,Loss,-1.35,11:14,66,12:20
898,2025-09-03,INFY,IT,RSI,sideways,1614,1592.69,74,-1576.94,Fear,Early Exit,1585.95,1681.28,28.05,67.28,2.4,High,No,Loss,-1.32,13:50,187,16:57
899,2025-09-07,HDFCBANK,Banking,BREAKOUT,Bearish,1562,1626.42,16,1030.72,Fear,Early Exit,1546.28,1646.29,15.72,84.29,5.36,High,Yes,Win,4.12,12:23,210,15:53
900,2026-01-23,ICICIBANK,Banking,RSI,Bearish,4190,4206.3,41,668.3,Greed,Overtrading,4088.75,4309.39,101.25,119.39,1.18,High,Yes,Win,0.39,09:22,181,12:23
901,2025-10-13,ICICIBANK,Banking,BREAKOUT,Bearish,1654,1669.39,93,1431.27,Confidence,No Mistake,1632.94,1718.13,21.06,64.13,3.05,High,Yes,Win,0.93,09:30,126,11:36
902,2025-07-18,ICICIBANK,Banking,MACD,sideways,4666,4667.46,16,23.36,Confidence,No Mistake,4609.82,4827.12,56.18,161.12,2.87,Medium,Yes,Win,0.03,10:25,73,11:38
903,2025-12-04,INFY,IT,MACD,Bearish,4487,4677.04,13,2470.52,Fear,Early Exit,4420.52,4661.09,66.48,174.09,2.62,Medium,Yes,Win,4.24,14:42,88,16:10
904,2025-10-02,ICICIBANK,Banking,RSI,Volatile,1848,1867.72,21,414.12,Confidence,No Mistake,1808.97,1937.16,39.03,89.16,2.28,High,Yes,Win,1.07,14:01,5,14:06
905,2026-02-06,INFY,IT,RSI,Volatile,3172,3071.35,31,-3120.15,Confidence,Late Entry,3077.38,3310.58,94.62,138.58,1.46,Low,Yes,Loss,-3.17,09:27,219,13:06
906,2025-10-10,TCS,IT,BREAKOUT,sideways,3224,3301.05,83,6395.15,Confidence,No Mistake,3169.91,3345.66,54.09,121.66,2.25,Low,Yes,Win,2.39,14:23,35,14:58
907,2025-10-03,ICICIBANK,Banking,RSI,Bullish,4749,4826.05,69,5316.45,Greed,Overtrading,4627.43,4996.12,121.57,247.12,2.03,Medium,Yes,Win,1.62,12:18,109,14:07
908,2026-01-02,HDFCBANK,Banking,MACD,Volatile,4971,4728.22,32,-7768.96,Confidence,No Mistake,4907.36,5129.33,63.64,158.33,2.49,Medium,Yes,Loss,-4.88,09:34,49,10:23
909,2026-01-27,RELIANCE,Energy,MACD,Bearish,4952,4782.96,20,-3380.8,Fear,No Mistake,4805.23,5079.99,146.77,127.99,0.87,Medium,Yes,Loss,-3.41,14:26,148,16:54
910,2025-08-16,HDFCBANK,Banking,BREAKOUT,Bearish,1944,1929.85,19,-268.85,Fear,Early Exit,1908.23,2002.82,35.77,58.82,1.64,Medium,Yes,Loss,-0.73,14:11,50,15:01
911,2026-05-22,HDFCBANK,Banking,MACD,sideways,1132,1181.45,78,3857.1,Greed,Overtrading,1110.45,1156.86,21.55,24.86,1.15,High,No,Win,4.37,11:30,194,14:44
912,2026-02-13,HDFCBANK,Banking,MACD,Bullish,2976,2986.15,96,974.4,Greed,Overtrading,2899.05,3038.46,76.95,62.46,0.81,Medium,Yes,Win,0.34,13:31,239,17:30
913,2026-03-19,INFY,IT,RSI,Volatile,1000,955.74,34,-1504.84,Confidence,Late Entry,985.97,1030.05,14.03,30.05,2.14,Medium,No,Loss,-4.43,14:25,207,17:52
914,2026-02-28,TCS,IT,RSI,Volatile,2674,2597.94,96,-7301.76,Fear,Early Exit,2617.15,2731.35,56.85,57.35,1.01,Medium,Yes,Loss,-2.84,14:20,221,18:01
915,2026-05-02,ICICIBANK,Banking,MACD,Bullish,3749,3705.79,11,-475.31,Confidence,No Mistake,3642.68,3918.02,106.32,169.02,1.59,Medium,Yes,Loss,-1.15,09:48,10,09:58
916,2025-11-04,HDFCBANK,Banking,MACD,sideways,4428,4450.75,36,819.0,Confidence,No Mistake,4317.79,4535.57,110.21,107.57,0.98,High,Yes,Win,0.51,11:12,87,12:39
917,2026-04-12,TCS,IT,MACD,Bullish,2666,2783.11,56,6558.16,Fear,Early Exit,2595.56,2757.78,70.44,91.78,1.3,Medium,Yes,Win,4.39,13:54,45,14:39
918,2025-09-28,TCS,IT,RSI,sideways,4424,4305.07,49,-5827.57,Fear,No Mistake,4294.08,4637.27,129.92,213.27,1.64,Low,No,Loss,-2.69,14:05,64,15:09
919,2025-12-25,INFY,IT,RSI,Bearish,2024,2106.07,49,4021.43,Confidence,No Mistake,1994.35,2074.12,29.65,50.12,1.69,High,No,Win,4.05,10:12,167,12:59
920,2025-08-28,RELIANCE,Energy,RSI,Bullish,4127,4018.3,35,-3804.5,Greed,No Mistake,4040.59,4316.38,86.41,189.38,2.19,High,No,Loss,-2.63,12:55,16,13:11
921,2025-06-16,TCS,IT,BREAKOUT,Volatile,2952,2880.05,88,-6331.6,Confidence,No Mistake,2882.57,3122.64,69.43,170.64,2.46,High,Yes,Loss,-2.44,10:55,144,13:19
922,2026-03-18,INFY,IT,RSI,Bearish,2768,2900.67,54,7164.18,Fear,Early Exit,2701.91,2898.17,66.09,130.17,1.97,Medium,No,Win,4.79,11:09,39,11:48
923,2026-02-12,RELIANCE,Energy,MACD,Bullish,1934,1843.35,15,-1359.75,Greed,Overtrading,1885.2,2019.9,48.8,85.9,1.76,Medium,Yes,Loss,-4.69,14:52,94,16:26
924,2025-07-30,HDFCBANK,Banking,RSI,Bearish,2604,2492.49,37,-4125.87,Greed,Overtrading,2527.54,2715.41,76.46,111.41,1.46,High,Yes,Loss,-4.28,14:11,33,14:44
925,2026-04-05,INFY,IT,MACD,Volatile,1574,1617.07,59,2541.13,Greed,Overtrading,1543.98,1621.49,30.02,47.49,1.58,Medium,Yes,Win,2.74,10:41,177,13:38
926,2026-04-17,RELIANCE,Energy,BREAKOUT,sideways,2365,2410.75,64,2928.0,Greed,Overtrading,2323.74,2486.31,41.26,121.31,2.94,Medium,Yes,Win,1.93,14:32,113,16:25
927,2025-12-25,TCS,IT,MACD,Volatile,2675,2792.01,56,6552.56,Fear,Early Exit,2621.65,2746.46,53.35,71.46,1.34,High,Yes,Win,4.37,14:30,195,17:45
928,2025-11-25,INFY,IT,RSI,sideways,1262,1223.82,14,-534.52,Fear,Early Exit,1241.44,1301.66,20.56,39.66,1.93,Medium,Yes,Loss,-3.03,12:12,226,15:58
929,2025-11-06,ICICIBANK,Banking,MACD,Volatile,4761,4805.66,81,3617.46,Confidence,No Mistake,4658.36,4988.6,102.64,227.6,2.22,Medium,No,Win,0.94,13:05,8,13:13
930,2025-12-08,HDFCBANK,Banking,MACD,sideways,3280,3292.43,88,1093.84,Confidence,Late Entry,3211.62,3355.57,68.38,75.57,1.11,Medium,Yes,Win,0.38,09:49,91,11:20
931,2025-10-22,ICICIBANK,Banking,RSI,sideways,4837,5063.42,95,21509.9,Fear,No Mistake,4761.53,4938.6,75.47,101.6,1.35,Medium,Yes,Win,4.68,14:08,84,15:32
932,2026-01-04,ICICIBANK,Banking,BREAKOUT,Bullish,1555,1523.54,78,-2453.88,Confidence,Late Entry,1522.87,1635.16,32.13,80.16,2.49,Low,Yes,Loss,-2.02,14:48,20,15:08
933,2025-09-15,HDFCBANK,Banking,RSI,sideways,4216,4030.78,47,-8705.34,Greed,Overtrading,4152.23,4323.78,63.77,107.78,1.69,Low,Yes,Loss,-4.39,13:09,12,13:21
934,2025-09-24,HDFCBANK,Banking,RSI,Bullish,2612,2706.76,74,7012.24,Confidence,No Mistake,2535.93,2706.58,76.07,94.58,1.24,Low,Yes,Win,3.63,09:15,221,12:56
935,2025-09-22,ICICIBANK,Banking,BREAKOUT,Volatile,1096,1043.08,11,-582.12,Fear,No Mistake,1063.8,1143.19,32.2,47.19,1.47,Medium,Yes,Loss,-4.83,14:00,50,14:50
936,2026-05-10,HDFCBANK,Banking,RSI,Volatile,2099,2202.27,13,1342.51,Fear,No Mistake,2052.75,2160.42,46.25,61.42,1.33,Medium,No,Win,4.92,14:30,82,15:52
937,2025-07-04,ICICIBANK,Banking,RSI,sideways,2876,2990.05,79,9009.95,Greed,Overtrading,2828.02,3036.12,47.98,160.12,3.34,High,Yes,Win,3.97,12:01,200,15:21
938,2025-10-19,RELIANCE,Energy,MACD,Volatile,3120,3015.55,25,-2611.25,Greed,No Mistake,3039.59,3238.9,80.41,118.9,1.48,Low,Yes,Loss,-3.35,10:42,41,11:23
939,2025-07-01,INFY,IT,MACD,sideways,2188,2135.61,89,-4662.71,Greed,Overtrading,2164.44,2243.28,23.56,55.28,2.35,Medium,Yes,Loss,-2.39,14:05,35,14:40
940,2025-11-11,ICICIBANK,Banking,RSI,Bearish,4112,3919.84,54,-10376.64,Confidence,Late Entry,4062.33,4290.46,49.67,178.46,3.59,Low,Yes,Loss,-4.67,09:52,5,09:57
941,2025-07-27,INFY,IT,RSI,Bearish,4672,4504.17,12,-2013.96,Confidence,No Mistake,4545.23,4820.94,126.77,148.94,1.17,Low,Yes,Loss,-3.59,13:22,86,14:48
942,2026-01-31,HDFCBANK,Banking,BREAKOUT,Volatile,2419,2319.78,75,-7441.5,Confidence,Late Entry,2376.42,2467.7,42.58,48.7,1.14,Low,Yes,Loss,-4.1,14:51,193,18:04
943,2025-06-26,ICICIBANK,Banking,BREAKOUT,Volatile,1313,1332.83,73,1447.59,Fear,No Mistake,1278.83,1340.67,34.17,27.67,0.81,High,Yes,Win,1.51,09:57,200,13:17
944,2026-05-30,INFY,IT,RSI,Bearish,4204,4315.6,98,10936.8,Greed,Overtrading,4097.15,4419.08,106.85,215.08,2.01,Medium,Yes,Win,2.65,13:21,208,16:49
945,2026-02-20,ICICIBANK,Banking,BREAKOUT,Bullish,2926,3041.83,80,9266.4,Greed,Overtrading,2888.88,3049.16,37.12,123.16,3.32,High,No,Win,3.96,14:04,205,17:29
946,2026-04-19,TCS,IT,MACD,sideways,4262,4304.0,68,2856.0,Greed,Overtrading,4142.08,4479.12,119.92,217.12,1.81,Medium,No,Win,0.99,10:57,192,14:09
947,2026-01-20,INFY,IT,BREAKOUT,Bearish,3779,3774.87,99,-408.87,Confidence,No Mistake,3676.84,4002.32,102.16,223.32,2.19,Low,No,Loss,-0.11,10:33,160,13:13
948,2025-11-19,RELIANCE,Energy,BREAKOUT,Bearish,2073,2027.45,84,-3826.2,Greed,No Mistake,2034.28,2178.81,38.72,105.81,2.73,High,Yes,Loss,-2.2,14:11,129,16:20
949,2025-08-19,ICICIBANK,Banking,RSI,Volatile,4648,4805.59,72,11346.48,Confidence,No Mistake,4517.32,4854.42,130.68,206.42,1.58,High,No,Win,3.39,12:25,24,12:49
950,2025-11-13,HDFCBANK,Banking,RSI,Bullish,4892,4930.93,85,3309.05,Fear,Early Exit,4809.44,5174.1,82.56,282.1,3.42,Low,Yes,Win,0.8,14:42,92,16:14
951,2026-04-21,RELIANCE,Energy,RSI,sideways,1010,1059.53,37,1832.61,Greed,Overtrading,982.29,1061.33,27.71,51.33,1.85,Medium,Yes,Win,4.9,09:05,40,09:45
952,2025-09-17,TCS,IT,RSI,Bullish,1584,1593.31,37,344.47,Fear,Early Exit,1566.54,1669.64,17.46,85.64,4.9,Medium,Yes,Win,0.59,10:48,69,11:57
953,2026-05-20,TCS,IT,BREAKOUT,Volatile,3281,3274.15,62,-424.7,Confidence,Late Entry,3239.53,3427.11,41.47,146.11,3.52,Medium,No,Loss,-0.21,12:50,192,16:02
954,2026-03-21,ICICIBANK,Banking,RSI,Bullish,4337,4436.5,17,1691.5,Fear,Early Exit,4276.08,4496.48,60.92,159.48,2.62,High,Yes,Win,2.29,11:17,213,14:50
955,2026-04-27,TCS,IT,RSI,Bullish,4903,4673.15,59,-13561.15,Greed,Overtrading,4843.49,5076.13,59.51,173.13,2.91,Medium,Yes,Loss,-4.69,10:54,237,14:51
956,2026-01-17,ICICIBANK,Banking,BREAKOUT,Bearish,4048,4091.3,55,2381.5,Confidence,No Mistake,3975.35,4172.82,72.65,124.82,1.72,Medium,Yes,Win,1.07,11:18,213,14:51
957,2026-06-01,HDFCBANK,Banking,RSI,sideways,4530,4499.45,38,-1160.9,Confidence,No Mistake,4451.51,4660.44,78.49,130.44,1.66,Medium,No,Loss,-0.67,12:10,68,13:18
958,2025-08-25,INFY,IT,RSI,sideways,1327,1341.33,28,401.24,Greed,Overtrading,1288.28,1377.06,38.72,50.06,1.29,High,Yes,Win,1.08,09:53,238,13:51
959,2025-10-07,RELIANCE,Energy,RSI,Bullish,3010,3017.43,52,386.36,Fear,Early Exit,2949.52,3169.92,60.48,159.92,2.64,Low,Yes,Win,0.25,14:16,72,15:28
960,2026-06-01,HDFCBANK,Banking,BREAKOUT,sideways,3905,3809.15,13,-1246.05,Fear,Early Exit,3804.14,4076.53,100.86,171.53,1.7,Medium,Yes,Loss,-2.45,09:38,116,11:34
961,2026-05-18,HDFCBANK,Banking,MACD,Bearish,1252,1238.44,67,-908.52,Greed,Overtrading,1234.97,1299.96,17.03,47.96,2.82,Medium,Yes,Loss,-1.08,11:47,208,15:15
962,2026-01-30,INFY,IT,BREAKOUT,Bullish,4483,4578.28,46,4382.88,Confidence,No Mistake,4410.87,4596.36,72.13,113.36,1.57,Low,Yes,Win,2.13,14:49,195,18:04
963,2026-01-14,HDFCBANK,Banking,RSI,Bullish,1397,1390.82,14,-86.52,Fear,Early Exit,1371.84,1444.47,25.16,47.47,1.89,High,Yes,Loss,-0.44,13:05,33,13:38
964,2025-09-22,INFY,IT,RSI,Bearish,3172,3315.32,21,3009.72,Greed,Overtrading,3134.03,3283.89,37.97,111.89,2.95,Medium,Yes,Win,4.52,09:02,215,12:37
965,2025-11-12,INFY,IT,BREAKOUT,sideways,2005,2096.73,27,2476.71,Confidence,No Mistake,1980.34,2103.35,24.66,98.35,3.99,High,Yes,Win,4.58,13:49,237,17:46
966,2025-06-21,RELIANCE,Energy,BREAKOUT,sideways,2848,2861.83,83,1147.89,Greed,No Mistake,2817.06,3014.86,30.94,166.86,5.39,Medium,Yes,Win,0.49,13:01,50,13:51
967,2025-12-13,TCS,IT,RSI,sideways,4131,4248.14,96,11245.44,Greed,Overtrading,4034.36,4326.46,96.64,195.46,2.02,Medium,No,Win,2.84,10:36,181,13:37
968,2025-11-13,RELIANCE,Energy,RSI,Bearish,3253,3396.41,89,12763.49,Fear,Early Exit,3155.67,3431.78,97.33,178.78,1.84,Medium,No,Win,4.41,09:30,140,11:50
969,2025-12-24,HDFCBANK,Banking,MACD,Bearish,1469,1504.13,36,1264.68,Confidence,Late Entry,1436.66,1530.48,32.34,61.48,1.9,High,Yes,Win,2.39,10:23,12,10:35
970,2025-11-11,ICICIBANK,Banking,MACD,Bullish,2229,2253.71,64,1581.44,Confidence,No Mistake,2187.11,2346.37,41.89,117.37,2.8,Medium,Yes,Win,1.11,09:49,67,10:56
971,2025-12-25,ICICIBANK,Banking,BREAKOUT,Bearish,3574,3458.5,84,-9702.0,Fear,No Mistake,3492.29,3651.43,81.71,77.43,0.95,Low,Yes,Loss,-3.23,14:10,127,16:17
972,2025-12-13,TCS,IT,MACD,Bullish,1571,1641.24,50,3512.0,Greed,Overtrading,1535.83,1645.73,35.17,74.73,2.12,High,No,Win,4.47,09:13,83,10:36
973,2025-07-08,ICICIBANK,Banking,MACD,Bearish,4939,4867.35,77,-5517.05,Confidence,No Mistake,4878.91,5173.14,60.09,234.14,3.9,High,Yes,Loss,-1.45,13:26,190,16:36
974,2025-11-27,RELIANCE,Energy,BREAKOUT,Volatile,4949,4910.9,20,-762.0,Greed,Overtrading,4863.52,5087.18,85.48,138.18,1.62,High,Yes,Loss,-0.77,10:59,106,12:45
975,2026-02-06,INFY,IT,BREAKOUT,Volatile,2378,2372.01,53,-317.47,Fear,Early Exit,2313.86,2454.87,64.14,76.87,1.2,Medium,Yes,Loss,-0.25,10:48,77,12:05
976,2025-10-27,ICICIBANK,Banking,MACD,Bearish,4030,3902.97,32,-4064.96,Greed,No Mistake,3951.78,4189.04,78.22,159.04,2.03,High,No,Loss,-3.15,13:33,127,15:40
977,2026-01-28,ICICIBANK,Banking,MACD,Volatile,3082,3064.5,81,-1417.5,Fear,Early Exit,3004.01,3196.87,77.99,114.87,1.47,Medium,Yes,Loss,-0.57,12:16,180,15:16
978,2025-11-16,HDFCBANK,Banking,MACD,sideways,3182,3188.59,28,184.52,Fear,Early Exit,3110.77,3344.19,71.23,162.19,2.28,Low,Yes,Win,0.21,10:27,73,11:40
979,2025-09-27,HDFCBANK,Banking,RSI,sideways,1712,1721.91,93,921.63,Confidence,No Mistake,1669.81,1808.71,42.19,96.71,2.29,Medium,Yes,Win,0.58,13:07,102,14:49
980,2025-06-24,ICICIBANK,Banking,RSI,Bullish,2082,2048.08,41,-1390.72,Confidence,No Mistake,2058.09,2165.33,23.91,83.33,3.49,Medium,No,Loss,-1.63,14:00,115,15:55
981,2026-02-16,TCS,IT,RSI,Volatile,4630,4507.24,72,-8838.72,Greed,Overtrading,4547.33,4776.85,82.67,146.85,1.78,Medium,Yes,Loss,-2.65,10:21,11,10:32
982,2025-09-07,ICICIBANK,Banking,RSI,sideways,2592,2533.38,87,-5099.94,Greed,No Mistake,2554.34,2691.34,37.66,99.34,2.64,Medium,Yes,Loss,-2.26,09:52,139,12:11
983,2025-10-10,INFY,IT,MACD,Bullish,4241,4158.57,72,-5934.96,Confidence,Late Entry,4141.91,4442.26,99.09,201.26,2.03,Medium,Yes,Loss,-1.94,11:12,85,12:37
984,2025-10-01,INFY,IT,MACD,sideways,4689,4872.13,72,13185.36,Fear,No Mistake,4600.44,4852.96,88.56,163.96,1.85,Medium,Yes,Win,3.91,12:07,186,15:13
985,2026-02-05,RELIANCE,Energy,BREAKOUT,Bearish,1831,1886.45,81,4491.45,Confidence,No Mistake,1787.12,1937.8,43.88,106.8,2.43,Medium,Yes,Win,3.03,11:37,6,11:43
986,2026-03-10,HDFCBANK,Banking,MACD,Bullish,1734,1674.44,35,-2084.6,Fear,No Mistake,1703.1,1802.43,30.9,68.43,2.21,Low,No,Loss,-3.43,11:05,220,14:45
987,2025-10-09,TCS,IT,RSI,Bullish,1824,1810.25,60,-825.0,Fear,No Mistake,1796.34,1897.52,27.66,73.52,2.66,Low,Yes,Loss,-0.75,11:08,8,11:16
988,2026-04-08,TCS,IT,RSI,Volatile,4390,4528.65,67,9289.55,Confidence,No Mistake,4267.6,4544.24,122.4,154.24,1.26,Low,Yes,Win,3.16,14:24,123,16:27
989,2026-05-30,TCS,IT,MACD,Bullish,4853,4862.98,59,588.82,Confidence,Late Entry,4714.66,5130.86,138.34,277.86,2.01,High,Yes,Win,0.21,11:56,164,14:40
990,2025-06-23,INFY,IT,RSI,Bullish,2277,2295.5,94,1739.0,Confidence,No Mistake,2221.57,2410.24,55.43,133.24,2.4,High,Yes,Win,0.81,10:23,156,12:59
991,2026-02-12,RELIANCE,Energy,MACD,Bearish,1608,1530.24,38,-2954.88,Fear,Early Exit,1590.13,1669.41,17.87,61.41,3.44,Medium,Yes,Loss,-4.84,10:55,105,12:40
992,2026-02-08,RELIANCE,Energy,RSI,sideways,4500,4524.92,26,647.92,Fear,No Mistake,4431.92,4723.18,68.08,223.18,3.28,Medium,Yes,Win,0.55,13:09,22,13:31
993,2025-11-13,HDFCBANK,Banking,RSI,Bearish,4897,4912.03,97,1457.91,Confidence,No Mistake,4819.75,5041.53,77.25,144.53,1.87,Medium,Yes,Win,0.31,10:31,193,13:44
994,2025-06-08,RELIANCE,Energy,RSI,sideways,2960,3043.67,75,6275.25,Greed,No Mistake,2928.07,3135.11,31.93,175.11,5.48,High,Yes,Win,2.83,14:14,74,15:28
995,2026-05-03,INFY,IT,MACD,Bearish,2585,2679.02,87,8179.74,Confidence,No Mistake,2529.71,2653.64,55.29,68.64,1.24,Medium,Yes,Win,3.64,11:59,157,14:36
996,2026-01-28,TCS,IT,MACD,Bullish,3593,3484.93,24,-2593.68,Confidence,No Mistake,3519.42,3689.67,73.58,96.67,1.31,Medium,No,Loss,-3.01,12:54,76,14:10
997,2026-04-16,TCS,IT,BREAKOUT,Bearish,4064,3882.82,35,-6341.3,Fear,No Mistake,4017.96,4220.85,46.04,156.85,3.41,Medium,Yes,Loss,-4.46,09:35,10,09:45
998,2025-08-01,ICICIBANK,Banking,RSI,Bearish,2727,2651.48,86,-6494.72,Confidence,No Mistake,2668.53,2824.27,58.47,97.27,1.66,Medium,Yes,Loss,-2.77,12:52,66,13:58
999,2025-10-19,INFY,IT,MACD,sideways,3138,3115.08,83,-1902.36,Greed,Overtrading,3055.48,3290.91,82.52,152.91,1.85,Medium,Yes,Loss,-0.73,12:17,182,15:19
1000,2025-11-04,ICICIBANK,Banking,RSI,Bearish,2360,2297.16,24,-1508.16,Greed,Overtrading,2307.68,2487.71,52.32,127.71,2.44,Low,Yes,Loss,-2.66,11:09,226,14:55
